tenure_months,sessions_30d,support_tickets_30d,monthly_price,auto_renew,customer_id,as_of,outcome_available_at,extracted_at,cancellation_confirmed_after_30d,churn_next_30d
5,14.0,1,9.0,1,synthetic-00000,2021-01-01,2021-01-31,2024-04-29,1,1
38,19.0,0,19.0,1,synthetic-00001,2021-01-02,2021-02-01,2024-04-29,0,0
32,17.0,1,9.0,1,synthetic-00002,2021-01-03,2021-02-02,2024-04-29,0,0
22,15.0,0,9.0,1,synthetic-00003,2021-01-04,2021-02-03,2024-04-29,0,0
21,11.0,2,9.0,0,synthetic-00004,2021-01-05,2021-02-04,2024-04-29,0,0
42,17.0,0,29.0,0,synthetic-00005,2021-01-06,2021-02-05,2024-04-29,0,0
5,9.0,0,19.0,1,synthetic-00006,2021-01-07,2021-02-06,2024-04-29,0,0
34,17.0,2,29.0,1,synthetic-00007,2021-01-08,2021-02-07,2024-04-29,1,1
10,18.0,4,9.0,1,synthetic-00008,2021-01-09,2021-02-08,2024-04-29,0,0
5,15.0,3,19.0,1,synthetic-00009,2021-01-10,2021-02-09,2024-04-29,0,0
26,6.0,0,19.0,1,synthetic-00010,2021-01-11,2021-02-10,2024-04-29,0,0
47,16.0,2,19.0,1,synthetic-00011,2021-01-12,2021-02-11,2024-04-29,0,0
36,6.0,2,29.0,1,synthetic-00012,2021-01-13,2021-02-12,2024-04-29,1,1
37,15.0,3,29.0,0,synthetic-00013,2021-01-14,2021-02-13,2024-04-29,0,0
35,16.0,1,19.0,1,synthetic-00014,2021-01-15,2021-02-14,2024-04-29,0,0
38,13.0,0,29.0,1,synthetic-00015,2021-01-16,2021-02-15,2024-04-29,0,0
25,16.0,1,9.0,1,synthetic-00016,2021-01-17,2021-02-16,2024-04-29,0,0
7,19.0,0,9.0,1,synthetic-00017,2021-01-18,2021-02-17,2024-04-29,0,0
41,19.0,2,29.0,1,synthetic-00018,2021-01-19,2021-02-18,2024-04-29,0,0
22,15.0,2,9.0,1,synthetic-00019,2021-01-20,2021-02-19,2024-04-29,0,0
25,10.0,0,9.0,1,synthetic-00020,2021-01-21,2021-02-20,2024-04-29,1,1
18,12.0,0,9.0,0,synthetic-00021,2021-01-22,2021-02-21,2024-04-29,0,0
9,11.0,1,9.0,0,synthetic-00022,2021-01-23,2021-02-22,2024-04-29,1,1
45,9.0,0,19.0,0,synthetic-00023,2021-01-24,2021-02-23,2024-04-29,0,0
38,15.0,0,9.0,0,synthetic-00024,2021-01-25,2021-02-24,2024-04-29,0,0
31,20.0,4,19.0,1,synthetic-00025,2021-01-26,2021-02-25,2024-04-29,1,1
20,9.0,0,29.0,1,synthetic-00026,2021-01-27,2021-02-26,2024-04-29,1,1
40,7.0,1,9.0,1,synthetic-00027,2021-01-28,2021-02-27,2024-04-29,0,0
27,15.0,1,29.0,0,synthetic-00028,2021-01-29,2021-02-28,2024-04-29,1,1
22,17.0,1,19.0,0,synthetic-00029,2021-01-30,2021-03-01,2024-04-29,0,0
22,11.0,4,19.0,1,synthetic-00030,2021-01-31,2021-03-02,2024-04-29,1,1
11,20.0,0,19.0,1,synthetic-00031,2021-02-01,2021-03-03,2024-04-29,0,0
5,17.0,2,9.0,1,synthetic-00032,2021-02-02,2021-03-04,2024-04-29,0,0
27,16.0,2,9.0,1,synthetic-00033,2021-02-03,2021-03-05,2024-04-29,0,0
43,11.0,2,19.0,0,synthetic-00034,2021-02-04,2021-03-06,2024-04-29,0,0
4,11.0,1,29.0,1,synthetic-00035,2021-02-05,2021-03-07,2024-04-29,0,0
42,17.0,2,19.0,1,synthetic-00036,2021-02-06,2021-03-08,2024-04-29,0,0
40,13.0,1,19.0,1,synthetic-00037,2021-02-07,2021-03-09,2024-04-29,0,0
14,17.0,3,19.0,1,synthetic-00038,2021-02-08,2021-03-10,2024-04-29,0,0
31,,3,19.0,1,synthetic-00039,2021-02-09,2021-03-11,2024-04-29,0,0
8,14.0,0,9.0,0,synthetic-00040,2021-02-10,2021-03-12,2024-04-29,0,0
37,8.0,1,19.0,1,synthetic-00041,2021-02-11,2021-03-13,2024-04-29,0,0
34,11.0,1,29.0,1,synthetic-00042,2021-02-12,2021-03-14,2024-04-29,0,0
18,13.0,1,9.0,1,synthetic-00043,2021-02-13,2021-03-15,2024-04-29,0,0
4,12.0,0,29.0,1,synthetic-00044,2021-02-14,2021-03-16,2024-04-29,0,0
47,8.0,2,29.0,1,synthetic-00045,2021-02-15,2021-03-17,2024-04-29,0,0
22,10.0,0,9.0,1,synthetic-00046,2021-02-16,2021-03-18,2024-04-29,0,0
43,13.0,1,19.0,1,synthetic-00047,2021-02-17,2021-03-19,2024-04-29,1,1
33,19.0,1,29.0,1,synthetic-00048,2021-02-18,2021-03-20,2024-04-29,0,0
38,14.0,2,19.0,0,synthetic-00049,2021-02-19,2021-03-21,2024-04-29,1,1
37,12.0,0,29.0,0,synthetic-00050,2021-02-20,2021-03-22,2024-04-29,1,1
10,11.0,2,29.0,0,synthetic-00051,2021-02-21,2021-03-23,2024-04-29,1,1
18,11.0,0,19.0,1,synthetic-00052,2021-02-22,2021-03-24,2024-04-29,0,0
23,16.0,0,29.0,0,synthetic-00053,2021-02-23,2021-03-25,2024-04-29,0,0
24,12.0,0,29.0,0,synthetic-00054,2021-02-24,2021-03-26,2024-04-29,0,0
3,16.0,2,29.0,1,synthetic-00055,2021-02-25,2021-03-27,2024-04-29,0,0
27,5.0,1,29.0,1,synthetic-00056,2021-02-26,2021-03-28,2024-04-29,1,1
8,20.0,3,9.0,1,synthetic-00057,2021-02-27,2021-03-29,2024-04-29,0,0
36,10.0,2,9.0,0,synthetic-00058,2021-02-28,2021-03-30,2024-04-29,0,0
33,8.0,3,9.0,1,synthetic-00059,2021-03-01,2021-03-31,2024-04-29,0,0
45,11.0,0,9.0,1,synthetic-00060,2021-03-02,2021-04-01,2024-04-29,0,0
36,15.0,2,29.0,0,synthetic-00061,2021-03-03,2021-04-02,2024-04-29,0,0
18,15.0,2,19.0,1,synthetic-00062,2021-03-04,2021-04-03,2024-04-29,1,1
47,13.0,1,19.0,0,synthetic-00063,2021-03-05,2021-04-04,2024-04-29,0,0
20,,0,9.0,0,synthetic-00064,2021-03-06,2021-04-05,2024-04-29,0,0
16,17.0,0,29.0,0,synthetic-00065,2021-03-07,2021-04-06,2024-04-29,0,0
44,10.0,3,19.0,0,synthetic-00066,2021-03-08,2021-04-07,2024-04-29,0,0
18,12.0,3,29.0,1,synthetic-00067,2021-03-09,2021-04-08,2024-04-29,0,0
4,16.0,2,9.0,1,synthetic-00068,2021-03-10,2021-04-09,2024-04-29,0,0
23,17.0,2,9.0,0,synthetic-00069,2021-03-11,2021-04-10,2024-04-29,0,0
39,19.0,1,9.0,0,synthetic-00070,2021-03-12,2021-04-11,2024-04-29,0,0
10,9.0,2,9.0,1,synthetic-00071,2021-03-13,2021-04-12,2024-04-29,1,1
23,16.0,0,29.0,1,synthetic-00072,2021-03-14,2021-04-13,2024-04-29,0,0
7,19.0,3,19.0,1,synthetic-00073,2021-03-15,2021-04-14,2024-04-29,0,0
33,15.0,2,19.0,1,synthetic-00074,2021-03-16,2021-04-15,2024-04-29,0,0
23,6.0,0,9.0,1,synthetic-00075,2021-03-17,2021-04-16,2024-04-29,1,1
16,,3,9.0,0,synthetic-00076,2021-03-18,2021-04-17,2024-04-29,1,1
11,18.0,0,29.0,0,synthetic-00077,2021-03-19,2021-04-18,2024-04-29,0,0
28,15.0,1,29.0,0,synthetic-00078,2021-03-20,2021-04-19,2024-04-29,0,0
33,19.0,1,29.0,1,synthetic-00079,2021-03-21,2021-04-20,2024-04-29,0,0
46,15.0,1,29.0,1,synthetic-00080,2021-03-22,2021-04-21,2024-04-29,0,0
21,13.0,0,19.0,1,synthetic-00081,2021-03-23,2021-04-22,2024-04-29,0,0
8,16.0,0,9.0,1,synthetic-00082,2021-03-24,2021-04-23,2024-04-29,0,0
40,13.0,0,29.0,1,synthetic-00083,2021-03-25,2021-04-24,2024-04-29,0,0
31,14.0,1,29.0,1,synthetic-00084,2021-03-26,2021-04-25,2024-04-29,0,0
34,13.0,1,19.0,1,synthetic-00085,2021-03-27,2021-04-26,2024-04-29,0,0
5,10.0,0,9.0,1,synthetic-00086,2021-03-28,2021-04-27,2024-04-29,0,0
15,10.0,1,29.0,1,synthetic-00087,2021-03-29,2021-04-28,2024-04-29,0,0
37,12.0,4,29.0,1,synthetic-00088,2021-03-30,2021-04-29,2024-04-29,1,1
40,17.0,3,9.0,1,synthetic-00089,2021-03-31,2021-04-30,2024-04-29,0,0
21,8.0,1,9.0,1,synthetic-00090,2021-04-01,2021-05-01,2024-04-29,0,0
39,17.0,0,29.0,1,synthetic-00091,2021-04-02,2021-05-02,2024-04-29,0,0
41,13.0,1,9.0,1,synthetic-00092,2021-04-03,2021-05-03,2024-04-29,0,0
19,15.0,1,29.0,1,synthetic-00093,2021-04-04,2021-05-04,2024-04-29,1,1
44,13.0,1,29.0,0,synthetic-00094,2021-04-05,2021-05-05,2024-04-29,1,1
14,21.0,1,9.0,1,synthetic-00095,2021-04-06,2021-05-06,2024-04-29,0,0
12,10.0,1,9.0,0,synthetic-00096,2021-04-07,2021-05-07,2024-04-29,0,0
33,12.0,1,19.0,1,synthetic-00097,2021-04-08,2021-05-08,2024-04-29,0,0
31,9.0,0,19.0,0,synthetic-00098,2021-04-09,2021-05-09,2024-04-29,0,0
7,11.0,0,29.0,0,synthetic-00099,2021-04-10,2021-05-10,2024-04-29,0,0
40,11.0,0,19.0,1,synthetic-00100,2021-04-11,2021-05-11,2024-04-29,0,0
10,10.0,0,9.0,0,synthetic-00101,2021-04-12,2021-05-12,2024-04-29,1,1
39,13.0,2,29.0,1,synthetic-00102,2021-04-13,2021-05-13,2024-04-29,0,0
1,14.0,1,29.0,0,synthetic-00103,2021-04-14,2021-05-14,2024-04-29,0,0
39,11.0,0,19.0,1,synthetic-00104,2021-04-15,2021-05-15,2024-04-29,0,0
38,7.0,1,29.0,1,synthetic-00105,2021-04-16,2021-05-16,2024-04-29,0,0
38,11.0,0,29.0,0,synthetic-00106,2021-04-17,2021-05-17,2024-04-29,0,0
32,15.0,4,29.0,0,synthetic-00107,2021-04-18,2021-05-18,2024-04-29,1,1
23,9.0,0,29.0,1,synthetic-00108,2021-04-19,2021-05-19,2024-04-29,1,1
34,15.0,1,19.0,0,synthetic-00109,2021-04-20,2021-05-20,2024-04-29,0,0
14,11.0,0,9.0,1,synthetic-00110,2021-04-21,2021-05-21,2024-04-29,0,0
38,13.0,0,19.0,1,synthetic-00111,2021-04-22,2021-05-22,2024-04-29,0,0
27,17.0,1,29.0,0,synthetic-00112,2021-04-23,2021-05-23,2024-04-29,0,0
23,21.0,0,29.0,1,synthetic-00113,2021-04-24,2021-05-24,2024-04-29,0,0
25,19.0,1,29.0,1,synthetic-00114,2021-04-25,2021-05-25,2024-04-29,0,0
28,11.0,1,19.0,0,synthetic-00115,2021-04-26,2021-05-26,2024-04-29,0,0
2,10.0,1,19.0,1,synthetic-00116,2021-04-27,2021-05-27,2024-04-29,0,0
7,13.0,1,9.0,1,synthetic-00117,2021-04-28,2021-05-28,2024-04-29,0,0
12,19.0,0,9.0,1,synthetic-00118,2021-04-29,2021-05-29,2024-04-29,0,0
6,14.0,1,9.0,0,synthetic-00119,2021-04-30,2021-05-30,2024-04-29,0,0
22,11.0,0,29.0,1,synthetic-00120,2021-05-01,2021-05-31,2024-04-29,0,0
33,17.0,1,29.0,1,synthetic-00121,2021-05-02,2021-06-01,2024-04-29,0,0
32,14.0,2,9.0,0,synthetic-00122,2021-05-03,2021-06-02,2024-04-29,0,0
23,14.0,1,19.0,1,synthetic-00123,2021-05-04,2021-06-03,2024-04-29,0,0
42,9.0,1,19.0,1,synthetic-00124,2021-05-05,2021-06-04,2024-04-29,0,0
28,22.0,0,9.0,0,synthetic-00125,2021-05-06,2021-06-05,2024-04-29,0,0
4,22.0,2,19.0,0,synthetic-00126,2021-05-07,2021-06-06,2024-04-29,0,0
37,14.0,3,19.0,1,synthetic-00127,2021-05-08,2021-06-07,2024-04-29,0,0
28,11.0,2,29.0,0,synthetic-00128,2021-05-09,2021-06-08,2024-04-29,1,1
31,12.0,2,29.0,0,synthetic-00129,2021-05-10,2021-06-09,2024-04-29,0,0
28,13.0,1,9.0,1,synthetic-00130,2021-05-11,2021-06-10,2024-04-29,0,0
27,14.0,2,19.0,0,synthetic-00131,2021-05-12,2021-06-11,2024-04-29,0,0
5,16.0,2,29.0,0,synthetic-00132,2021-05-13,2021-06-12,2024-04-29,0,0
27,12.0,2,29.0,1,synthetic-00133,2021-05-14,2021-06-13,2024-04-29,0,0
39,12.0,0,29.0,1,synthetic-00134,2021-05-15,2021-06-14,2024-04-29,0,0
15,15.0,0,29.0,0,synthetic-00135,2021-05-16,2021-06-15,2024-04-29,1,1
29,17.0,1,9.0,0,synthetic-00136,2021-05-17,2021-06-16,2024-04-29,0,0
2,20.0,3,29.0,1,synthetic-00137,2021-05-18,2021-06-17,2024-04-29,0,0
17,15.0,2,29.0,0,synthetic-00138,2021-05-19,2021-06-18,2024-04-29,0,0
21,6.0,4,29.0,0,synthetic-00139,2021-05-20,2021-06-19,2024-04-29,1,1
48,9.0,0,29.0,0,synthetic-00140,2021-05-21,2021-06-20,2024-04-29,0,0
11,15.0,1,9.0,0,synthetic-00141,2021-05-22,2021-06-21,2024-04-29,0,0
14,20.0,1,9.0,1,synthetic-00142,2021-05-23,2021-06-22,2024-04-29,0,0
20,16.0,2,19.0,1,synthetic-00143,2021-05-24,2021-06-23,2024-04-29,0,0
48,15.0,1,19.0,1,synthetic-00144,2021-05-25,2021-06-24,2024-04-29,0,0
41,12.0,1,9.0,1,synthetic-00145,2021-05-26,2021-06-25,2024-04-29,0,0
2,19.0,0,9.0,1,synthetic-00146,2021-05-27,2021-06-26,2024-04-29,0,0
12,15.0,1,29.0,0,synthetic-00147,2021-05-28,2021-06-27,2024-04-29,0,0
40,22.0,1,19.0,0,synthetic-00148,2021-05-29,2021-06-28,2024-04-29,0,0
3,16.0,1,9.0,1,synthetic-00149,2021-05-30,2021-06-29,2024-04-29,1,1
42,14.0,1,19.0,0,synthetic-00150,2021-05-31,2021-06-30,2024-04-29,0,0
14,13.0,1,19.0,1,synthetic-00151,2021-06-01,2021-07-01,2024-04-29,0,0
45,12.0,3,9.0,1,synthetic-00152,2021-06-02,2021-07-02,2024-04-29,0,0
15,13.0,0,29.0,1,synthetic-00153,2021-06-03,2021-07-03,2024-04-29,0,0
21,8.0,0,19.0,1,synthetic-00154,2021-06-04,2021-07-04,2024-04-29,0,0
32,15.0,2,9.0,1,synthetic-00155,2021-06-05,2021-07-05,2024-04-29,0,0
7,10.0,0,9.0,0,synthetic-00156,2021-06-06,2021-07-06,2024-04-29,0,0
27,18.0,1,29.0,1,synthetic-00157,2021-06-07,2021-07-07,2024-04-29,0,0
25,15.0,3,9.0,1,synthetic-00158,2021-06-08,2021-07-08,2024-04-29,0,0
38,11.0,2,9.0,1,synthetic-00159,2021-06-09,2021-07-09,2024-04-29,0,0
48,11.0,1,19.0,1,synthetic-00160,2021-06-10,2021-07-10,2024-04-29,0,0
32,20.0,3,19.0,0,synthetic-00161,2021-06-11,2021-07-11,2024-04-29,1,1
20,,1,9.0,0,synthetic-00162,2021-06-12,2021-07-12,2024-04-29,0,0
20,22.0,3,19.0,1,synthetic-00163,2021-06-13,2021-07-13,2024-04-29,0,0
21,11.0,2,9.0,1,synthetic-00164,2021-06-14,2021-07-14,2024-04-29,0,0
40,12.0,4,19.0,1,synthetic-00165,2021-06-15,2021-07-15,2024-04-29,0,0
16,19.0,1,9.0,0,synthetic-00166,2021-06-16,2021-07-16,2024-04-29,0,0
9,13.0,1,19.0,1,synthetic-00167,2021-06-17,2021-07-17,2024-04-29,0,0
17,18.0,4,29.0,1,synthetic-00168,2021-06-18,2021-07-18,2024-04-29,0,0
2,14.0,1,29.0,1,synthetic-00169,2021-06-19,2021-07-19,2024-04-29,0,0
6,15.0,0,9.0,1,synthetic-00170,2021-06-20,2021-07-20,2024-04-29,1,1
5,13.0,3,9.0,1,synthetic-00171,2021-06-21,2021-07-21,2024-04-29,0,0
38,10.0,1,9.0,1,synthetic-00172,2021-06-22,2021-07-22,2024-04-29,0,0
35,11.0,0,19.0,0,synthetic-00173,2021-06-23,2021-07-23,2024-04-29,0,0
34,14.0,1,19.0,1,synthetic-00174,2021-06-24,2021-07-24,2024-04-29,0,0
23,10.0,0,29.0,1,synthetic-00175,2021-06-25,2021-07-25,2024-04-29,0,0
35,18.0,0,29.0,1,synthetic-00176,2021-06-26,2021-07-26,2024-04-29,0,0
8,9.0,2,29.0,1,synthetic-00177,2021-06-27,2021-07-27,2024-04-29,1,1
44,8.0,0,9.0,0,synthetic-00178,2021-06-28,2021-07-28,2024-04-29,0,0
25,9.0,1,9.0,0,synthetic-00179,2021-06-29,2021-07-29,2024-04-29,0,0
46,28.0,2,29.0,1,synthetic-00180,2021-06-30,2021-07-30,2024-04-29,0,0
8,9.0,1,29.0,0,synthetic-00181,2021-07-01,2021-07-31,2024-04-29,0,0
24,11.0,1,9.0,0,synthetic-00182,2021-07-02,2021-08-01,2024-04-29,1,1
34,15.0,1,9.0,0,synthetic-00183,2021-07-03,2021-08-02,2024-04-29,0,0
24,18.0,2,29.0,1,synthetic-00184,2021-07-04,2021-08-03,2024-04-29,0,0
22,13.0,0,19.0,1,synthetic-00185,2021-07-05,2021-08-04,2024-04-29,0,0
8,-1.0,0,29.0,1,synthetic-00186,2021-07-06,2021-08-05,2024-04-29,0,0
19,8.0,1,19.0,0,synthetic-00187,2021-07-07,2021-08-06,2024-04-29,1,1
12,13.0,4,29.0,1,synthetic-00188,2021-07-08,2021-08-07,2024-04-29,0,0
15,12.0,2,29.0,1,synthetic-00189,2021-07-09,2021-08-08,2024-04-29,1,1
33,13.0,4,9.0,1,synthetic-00190,2021-07-10,2021-08-09,2024-04-29,0,0
31,16.0,3,9.0,1,synthetic-00191,2021-07-11,2021-08-10,2024-04-29,0,0
30,13.0,0,29.0,1,synthetic-00192,2021-07-12,2021-08-11,2024-04-29,0,0
18,8.0,0,9.0,1,synthetic-00193,2021-07-13,2021-08-12,2024-04-29,0,0
47,14.0,0,9.0,1,synthetic-00194,2021-07-14,2021-08-13,2024-04-29,0,0
5,6.0,1,29.0,0,synthetic-00195,2021-07-15,2021-08-14,2024-04-29,1,1
17,13.0,3,9.0,0,synthetic-00196,2021-07-16,2021-08-15,2024-04-29,1,1
6,17.0,1,9.0,1,synthetic-00197,2021-07-17,2021-08-16,2024-04-29,0,0
17,17.0,1,9.0,0,synthetic-00198,2021-07-18,2021-08-17,2024-04-29,0,0
47,17.0,0,19.0,1,synthetic-00199,2021-07-19,2021-08-18,2024-04-29,0,0
18,12.0,0,19.0,0,synthetic-00200,2021-07-20,2021-08-19,2024-04-29,1,1
44,11.0,1,29.0,0,synthetic-00201,2021-07-21,2021-08-20,2024-04-29,1,1
24,13.0,3,29.0,1,synthetic-00202,2021-07-22,2021-08-21,2024-04-29,0,0
34,13.0,0,19.0,1,synthetic-00203,2021-07-23,2021-08-22,2024-04-29,0,0
22,10.0,1,29.0,1,synthetic-00204,2021-07-24,2021-08-23,2024-04-29,0,0
13,16.0,1,9.0,1,synthetic-00205,2021-07-25,2021-08-24,2024-04-29,0,0
37,7.0,1,19.0,1,synthetic-00206,2021-07-26,2021-08-25,2024-04-29,0,0
47,9.0,1,9.0,1,synthetic-00207,2021-07-27,2021-08-26,2024-04-29,1,1
13,13.0,1,9.0,0,synthetic-00208,2021-07-28,2021-08-27,2024-04-29,0,0
38,18.0,2,29.0,1,synthetic-00209,2021-07-29,2021-08-28,2024-04-29,0,0
13,10.0,0,9.0,1,synthetic-00210,2021-07-30,2021-08-29,2024-04-29,0,0
35,11.0,1,19.0,1,synthetic-00211,2021-07-31,2021-08-30,2024-04-29,0,0
38,14.0,0,19.0,1,synthetic-00212,2021-08-01,2021-08-31,2024-04-29,1,1
22,,2,9.0,0,synthetic-00213,2021-08-02,2021-09-01,2024-04-29,0,0
36,15.0,1,29.0,1,synthetic-00214,2021-08-03,2021-09-02,2024-04-29,0,0
14,11.0,1,9.0,1,synthetic-00215,2021-08-04,2021-09-03,2024-04-29,0,0
4,16.0,2,9.0,1,synthetic-00216,2021-08-05,2021-09-04,2024-04-29,1,1
5,14.0,0,19.0,1,synthetic-00217,2021-08-06,2021-09-05,2024-04-29,0,0
22,11.0,2,9.0,1,synthetic-00218,2021-08-07,2021-09-06,2024-04-29,1,1
44,11.0,3,29.0,0,synthetic-00219,2021-08-08,2021-09-07,2024-04-29,1,1
7,15.0,2,9.0,1,synthetic-00220,2021-08-09,2021-09-08,2024-04-29,0,0
22,19.0,1,9.0,1,synthetic-00221,2021-08-10,2021-09-09,2024-04-29,0,0
34,13.0,0,9.0,1,synthetic-00222,2021-08-11,2021-09-10,2024-04-29,0,0
10,20.0,1,9.0,0,synthetic-00223,2021-08-12,2021-09-11,2024-04-29,0,0
35,10.0,0,9.0,1,synthetic-00224,2021-08-13,2021-09-12,2024-04-29,0,0
15,10.0,0,19.0,1,synthetic-00225,2021-08-14,2021-09-13,2024-04-29,0,0
39,10.0,2,9.0,0,synthetic-00226,2021-08-15,2021-09-14,2024-04-29,0,0
28,10.0,0,9.0,0,synthetic-00227,2021-08-16,2021-09-15,2024-04-29,0,0
27,,2,9.0,1,synthetic-00228,2021-08-17,2021-09-16,2024-04-29,1,1
9,18.0,2,9.0,0,synthetic-00229,2021-08-18,2021-09-17,2024-04-29,0,0
23,12.0,3,19.0,0,synthetic-00230,2021-08-19,2021-09-18,2024-04-29,0,0
42,12.0,4,29.0,1,synthetic-00231,2021-08-20,2021-09-19,2024-04-29,1,1
1,15.0,2,9.0,0,synthetic-00232,2021-08-21,2021-09-20,2024-04-29,0,0
37,8.0,0,29.0,1,synthetic-00233,2021-08-22,2021-09-21,2024-04-29,0,0
24,8.0,2,29.0,1,synthetic-00234,2021-08-23,2021-09-22,2024-04-29,1,1
35,5.0,1,9.0,1,synthetic-00235,2021-08-24,2021-09-23,2024-04-29,0,0
32,14.0,1,19.0,0,synthetic-00236,2021-08-25,2021-09-24,2024-04-29,0,0
21,,0,19.0,1,synthetic-00237,2021-08-26,2021-09-25,2024-04-29,1,1
15,24.0,1,19.0,1,synthetic-00238,2021-08-27,2021-09-26,2024-04-29,0,0
31,-1.0,1,9.0,1,synthetic-00239,2021-08-28,2021-09-27,2024-04-29,0,0
7,-1.0,2,19.0,1,synthetic-00240,2021-08-29,2021-09-28,2024-04-29,1,1
29,10.0,0,9.0,0,synthetic-00241,2021-08-30,2021-09-29,2024-04-29,1,1
5,18.0,0,29.0,0,synthetic-00242,2021-08-31,2021-09-30,2024-04-29,0,0
32,12.0,2,19.0,1,synthetic-00243,2021-09-01,2021-10-01,2024-04-29,0,0
31,,1,9.0,0,synthetic-00244,2021-09-02,2021-10-02,2024-04-29,1,1
5,12.0,2,19.0,0,synthetic-00245,2021-09-03,2021-10-03,2024-04-29,1,1
37,13.0,2,29.0,1,synthetic-00246,2021-09-04,2021-10-04,2024-04-29,0,0
20,13.0,0,29.0,1,synthetic-00247,2021-09-05,2021-10-05,2024-04-29,0,0
38,14.0,0,9.0,1,synthetic-00248,2021-09-06,2021-10-06,2024-04-29,0,0
2,12.0,1,29.0,1,synthetic-00249,2021-09-07,2021-10-07,2024-04-29,0,0
9,8.0,3,9.0,1,synthetic-00250,2021-09-08,2021-10-08,2024-04-29,1,1
24,16.0,0,9.0,1,synthetic-00251,2021-09-09,2021-10-09,2024-04-29,0,0
10,10.0,1,9.0,0,synthetic-00252,2021-09-10,2021-10-10,2024-04-29,0,0
16,16.0,4,29.0,1,synthetic-00253,2021-09-11,2021-10-11,2024-04-29,0,0
32,14.0,3,29.0,0,synthetic-00254,2021-09-12,2021-10-12,2024-04-29,0,0
7,12.0,0,19.0,0,synthetic-00255,2021-09-13,2021-10-13,2024-04-29,1,1
33,14.0,1,29.0,1,synthetic-00256,2021-09-14,2021-10-14,2024-04-29,0,0
5,14.0,3,9.0,1,synthetic-00257,2021-09-15,2021-10-15,2024-04-29,0,0
9,13.0,1,9.0,0,synthetic-00258,2021-09-16,2021-10-16,2024-04-29,0,0
29,11.0,2,29.0,0,synthetic-00259,2021-09-17,2021-10-17,2024-04-29,0,0
39,12.0,0,29.0,1,synthetic-00260,2021-09-18,2021-10-18,2024-04-29,0,0
9,11.0,0,9.0,0,synthetic-00261,2021-09-19,2021-10-19,2024-04-29,0,0
15,17.0,2,9.0,1,synthetic-00262,2021-09-20,2021-10-20,2024-04-29,0,0
45,9.0,0,19.0,0,synthetic-00263,2021-09-21,2021-10-21,2024-04-29,0,0
48,18.0,1,9.0,0,synthetic-00264,2021-09-22,2021-10-22,2024-04-29,0,0
28,8.0,4,29.0,1,synthetic-00265,2021-09-23,2021-10-23,2024-04-29,1,1
22,13.0,1,29.0,1,synthetic-00266,2021-09-24,2021-10-24,2024-04-29,0,0
17,12.0,0,9.0,1,synthetic-00267,2021-09-25,2021-10-25,2024-04-29,0,0
30,12.0,1,9.0,0,synthetic-00268,2021-09-26,2021-10-26,2024-04-29,0,0
29,11.0,3,29.0,0,synthetic-00269,2021-09-27,2021-10-27,2024-04-29,0,0
15,18.0,2,19.0,0,synthetic-00270,2021-09-28,2021-10-28,2024-04-29,1,1
2,13.0,3,9.0,1,synthetic-00271,2021-09-29,2021-10-29,2024-04-29,0,0
8,15.0,0,9.0,1,synthetic-00272,2021-09-30,2021-10-30,2024-04-29,0,0
47,15.0,2,29.0,1,synthetic-00273,2021-10-01,2021-10-31,2024-04-29,0,0
21,15.0,1,29.0,1,synthetic-00274,2021-10-02,2021-11-01,2024-04-29,0,0
24,13.0,0,9.0,1,synthetic-00275,2021-10-03,2021-11-02,2024-04-29,1,1
23,10.0,1,29.0,0,synthetic-00276,2021-10-04,2021-11-03,2024-04-29,0,0
38,9.0,1,9.0,1,synthetic-00277,2021-10-05,2021-11-04,2024-04-29,1,1
4,8.0,1,9.0,1,synthetic-00278,2021-10-06,2021-11-05,2024-04-29,0,0
4,12.0,1,19.0,0,synthetic-00279,2021-10-07,2021-11-06,2024-04-29,0,0
14,25.0,1,19.0,0,synthetic-00280,2021-10-08,2021-11-07,2024-04-29,0,0
24,-1.0,0,29.0,1,synthetic-00281,2021-10-09,2021-11-08,2024-04-29,0,0
33,12.0,3,29.0,0,synthetic-00282,2021-10-10,2021-11-09,2024-04-29,1,1
24,22.0,0,9.0,1,synthetic-00283,2021-10-11,2021-11-10,2024-04-29,0,0
22,16.0,2,19.0,1,synthetic-00284,2021-10-12,2021-11-11,2024-04-29,0,0
46,,2,29.0,0,synthetic-00285,2021-10-13,2021-11-12,2024-04-29,0,0
8,20.0,1,19.0,0,synthetic-00286,2021-10-14,2021-11-13,2024-04-29,0,0
28,8.0,0,9.0,1,synthetic-00287,2021-10-15,2021-11-14,2024-04-29,0,0
27,17.0,1,9.0,1,synthetic-00288,2021-10-16,2021-11-15,2024-04-29,0,0
23,14.0,3,19.0,1,synthetic-00289,2021-10-17,2021-11-16,2024-04-29,0,0
39,,1,19.0,1,synthetic-00290,2021-10-18,2021-11-17,2024-04-29,0,0
13,24.0,2,19.0,0,synthetic-00291,2021-10-19,2021-11-18,2024-04-29,0,0
46,9.0,1,9.0,1,synthetic-00292,2021-10-20,2021-11-19,2024-04-29,1,1
16,23.0,1,9.0,1,synthetic-00293,2021-10-21,2021-11-20,2024-04-29,0,0
27,18.0,1,19.0,1,synthetic-00294,2021-10-22,2021-11-21,2024-04-29,0,0
25,14.0,0,29.0,1,synthetic-00295,2021-10-23,2021-11-22,2024-04-29,0,0
41,16.0,2,19.0,1,synthetic-00296,2021-10-24,2021-11-23,2024-04-29,0,0
22,13.0,0,19.0,1,synthetic-00297,2021-10-25,2021-11-24,2024-04-29,1,1
14,12.0,1,29.0,1,synthetic-00298,2021-10-26,2021-11-25,2024-04-29,0,0
2,7.0,0,29.0,1,synthetic-00299,2021-10-27,2021-11-26,2024-04-29,0,0
18,17.0,1,29.0,0,synthetic-00300,2021-10-28,2021-11-27,2024-04-29,1,1
40,20.0,1,19.0,0,synthetic-00301,2021-10-29,2021-11-28,2024-04-29,0,0
1,10.0,0,29.0,1,synthetic-00302,2021-10-30,2021-11-29,2024-04-29,0,0
44,10.0,0,19.0,1,synthetic-00303,2021-10-31,2021-11-30,2024-04-29,0,0
27,9.0,0,19.0,1,synthetic-00304,2021-11-01,2021-12-01,2024-04-29,0,0
7,9.0,0,19.0,1,synthetic-00305,2021-11-02,2021-12-02,2024-04-29,0,0
15,19.0,2,29.0,1,synthetic-00306,2021-11-03,2021-12-03,2024-04-29,1,1
27,15.0,1,29.0,0,synthetic-00307,2021-11-04,2021-12-04,2024-04-29,0,0
16,17.0,2,9.0,0,synthetic-00308,2021-11-05,2021-12-05,2024-04-29,0,0
6,11.0,1,29.0,1,synthetic-00309,2021-11-06,2021-12-06,2024-04-29,1,1
32,10.0,0,9.0,0,synthetic-00310,2021-11-07,2021-12-07,2024-04-29,0,0
33,21.0,2,19.0,1,synthetic-00311,2021-11-08,2021-12-08,2024-04-29,0,0
6,16.0,0,29.0,1,synthetic-00312,2021-11-09,2021-12-09,2024-04-29,0,0
14,9.0,1,19.0,1,synthetic-00313,2021-11-10,2021-12-10,2024-04-29,0,0
12,15.0,1,9.0,1,synthetic-00314,2021-11-11,2021-12-11,2024-04-29,0,0
32,12.0,0,19.0,0,synthetic-00315,2021-11-12,2021-12-12,2024-04-29,0,0
36,16.0,4,19.0,1,synthetic-00316,2021-11-13,2021-12-13,2024-04-29,0,0
35,,1,19.0,0,synthetic-00317,2021-11-14,2021-12-14,2024-04-29,0,0
46,8.0,1,9.0,1,synthetic-00318,2021-11-15,2021-12-15,2024-04-29,0,0
37,13.0,2,19.0,0,synthetic-00319,2021-11-16,2021-12-16,2024-04-29,0,0
16,13.0,2,9.0,1,synthetic-00320,2021-11-17,2021-12-17,2024-04-29,0,0
6,12.0,0,19.0,1,synthetic-00321,2021-11-18,2021-12-18,2024-04-29,1,1
30,14.0,0,29.0,1,synthetic-00322,2021-11-19,2021-12-19,2024-04-29,0,0
44,15.0,2,29.0,0,synthetic-00323,2021-11-20,2021-12-20,2024-04-29,0,0
47,19.0,1,19.0,1,synthetic-00324,2021-11-21,2021-12-21,2024-04-29,0,0
12,15.0,1,29.0,1,synthetic-00325,2021-11-22,2021-12-22,2024-04-29,0,0
12,12.0,2,9.0,0,synthetic-00326,2021-11-23,2021-12-23,2024-04-29,0,0
2,,0,29.0,1,synthetic-00327,2021-11-24,2021-12-24,2024-04-29,1,1
7,11.0,3,19.0,1,synthetic-00328,2021-11-25,2021-12-25,2024-04-29,0,0
27,12.0,1,29.0,1,synthetic-00329,2021-11-26,2021-12-26,2024-04-29,0,0
27,17.0,1,29.0,1,synthetic-00330,2021-11-27,2021-12-27,2024-04-29,0,0
18,16.0,1,19.0,1,synthetic-00331,2021-11-28,2021-12-28,2024-04-29,0,0
15,,1,19.0,1,synthetic-00332,2021-11-29,2021-12-29,2024-04-29,0,0
40,,3,29.0,1,synthetic-00333,2021-11-30,2021-12-30,2024-04-29,1,1
23,15.0,0,9.0,1,synthetic-00334,2021-12-01,2021-12-31,2024-04-29,0,0
39,19.0,1,9.0,1,synthetic-00335,2021-12-02,2022-01-01,2024-04-29,0,0
47,9.0,3,19.0,0,synthetic-00336,2021-12-03,2022-01-02,2024-04-29,1,1
16,11.0,2,19.0,1,synthetic-00337,2021-12-04,2022-01-03,2024-04-29,1,1
10,18.0,0,29.0,1,synthetic-00338,2021-12-05,2022-01-04,2024-04-29,0,0
46,15.0,1,9.0,1,synthetic-00339,2021-12-06,2022-01-05,2024-04-29,0,0
31,11.0,0,19.0,0,synthetic-00340,2021-12-07,2022-01-06,2024-04-29,0,0
14,9.0,1,9.0,1,synthetic-00341,2021-12-08,2022-01-07,2024-04-29,0,0
30,11.0,2,9.0,1,synthetic-00342,2021-12-09,2022-01-08,2024-04-29,0,0
25,14.0,0,29.0,0,synthetic-00343,2021-12-10,2022-01-09,2024-04-29,1,1
44,6.0,0,29.0,1,synthetic-00344,2021-12-11,2022-01-10,2024-04-29,0,0
13,16.0,1,29.0,0,synthetic-00345,2021-12-12,2022-01-11,2024-04-29,0,0
48,17.0,1,9.0,0,synthetic-00346,2021-12-13,2022-01-12,2024-04-29,0,0
45,17.0,0,19.0,0,synthetic-00347,2021-12-14,2022-01-13,2024-04-29,0,0
9,12.0,0,29.0,1,synthetic-00348,2021-12-15,2022-01-14,2024-04-29,0,0
8,13.0,2,9.0,1,synthetic-00349,2021-12-16,2022-01-15,2024-04-29,0,0
26,10.0,3,29.0,1,synthetic-00350,2021-12-17,2022-01-16,2024-04-29,1,1
3,11.0,0,29.0,0,synthetic-00351,2021-12-18,2022-01-17,2024-04-29,0,0
15,8.0,2,19.0,0,synthetic-00352,2021-12-19,2022-01-18,2024-04-29,0,0
21,11.0,2,19.0,0,synthetic-00353,2021-12-20,2022-01-19,2024-04-29,1,1
47,10.0,0,9.0,1,synthetic-00354,2021-12-21,2022-01-20,2024-04-29,0,0
48,20.0,2,29.0,0,synthetic-00355,2021-12-22,2022-01-21,2024-04-29,1,1
8,17.0,1,29.0,1,synthetic-00356,2021-12-23,2022-01-22,2024-04-29,0,0
43,7.0,0,29.0,0,synthetic-00357,2021-12-24,2022-01-23,2024-04-29,0,0
5,13.0,2,29.0,1,synthetic-00358,2021-12-25,2022-01-24,2024-04-29,1,1
36,12.0,1,19.0,1,synthetic-00359,2021-12-26,2022-01-25,2024-04-29,0,0
41,14.0,0,29.0,1,synthetic-00360,2021-12-27,2022-01-26,2024-04-29,0,0
43,8.0,1,9.0,0,synthetic-00361,2021-12-28,2022-01-27,2024-04-29,0,0
11,18.0,0,29.0,1,synthetic-00362,2021-12-29,2022-01-28,2024-04-29,0,0
43,12.0,1,9.0,1,synthetic-00363,2021-12-30,2022-01-29,2024-04-29,0,0
6,11.0,1,19.0,1,synthetic-00364,2021-12-31,2022-01-30,2024-04-29,0,0
25,11.0,3,9.0,1,synthetic-00365,2022-01-01,2022-01-31,2024-04-29,0,0
23,9.0,2,9.0,0,synthetic-00366,2022-01-02,2022-02-01,2024-04-29,0,0
16,21.0,1,19.0,1,synthetic-00367,2022-01-03,2022-02-02,2024-04-29,0,0
2,17.0,0,19.0,1,synthetic-00368,2022-01-04,2022-02-03,2024-04-29,0,0
38,9.0,2,9.0,0,synthetic-00369,2022-01-05,2022-02-04,2024-04-29,0,0
17,17.0,2,29.0,1,synthetic-00370,2022-01-06,2022-02-05,2024-04-29,0,0
32,19.0,1,9.0,1,synthetic-00371,2022-01-07,2022-02-06,2024-04-29,0,0
20,15.0,2,29.0,1,synthetic-00372,2022-01-08,2022-02-07,2024-04-29,0,0
18,10.0,1,9.0,1,synthetic-00373,2022-01-09,2022-02-08,2024-04-29,0,0
43,23.0,1,19.0,1,synthetic-00374,2022-01-10,2022-02-09,2024-04-29,0,0
5,12.0,5,9.0,1,synthetic-00375,2022-01-11,2022-02-10,2024-04-29,1,1
36,10.0,3,29.0,1,synthetic-00376,2022-01-12,2022-02-11,2024-04-29,1,1
36,16.0,0,29.0,0,synthetic-00377,2022-01-13,2022-02-12,2024-04-29,0,0
19,17.0,2,9.0,0,synthetic-00378,2022-01-14,2022-02-13,2024-04-29,0,0
13,10.0,0,9.0,0,synthetic-00379,2022-01-15,2022-02-14,2024-04-29,1,1
1,17.0,2,19.0,1,synthetic-00380,2022-01-16,2022-02-15,2024-04-29,0,0
45,12.0,1,29.0,1,synthetic-00381,2022-01-17,2022-02-16,2024-04-29,0,0
46,12.0,4,9.0,0,synthetic-00382,2022-01-18,2022-02-17,2024-04-29,0,0
12,9.0,2,9.0,0,synthetic-00383,2022-01-19,2022-02-18,2024-04-29,1,1
2,13.0,0,19.0,1,synthetic-00384,2022-01-20,2022-02-19,2024-04-29,0,0
6,15.0,2,9.0,1,synthetic-00385,2022-01-21,2022-02-20,2024-04-29,0,0
4,12.0,2,9.0,1,synthetic-00386,2022-01-22,2022-02-21,2024-04-29,0,0
40,10.0,1,9.0,1,synthetic-00387,2022-01-23,2022-02-22,2024-04-29,1,1
43,16.0,1,19.0,1,synthetic-00388,2022-01-24,2022-02-23,2024-04-29,0,0
8,13.0,1,29.0,1,synthetic-00389,2022-01-25,2022-02-24,2024-04-29,0,0
36,9.0,3,19.0,0,synthetic-00390,2022-01-26,2022-02-25,2024-04-29,1,1
9,11.0,2,9.0,1,synthetic-00391,2022-01-27,2022-02-26,2024-04-29,1,1
18,10.0,0,19.0,1,synthetic-00392,2022-01-28,2022-02-27,2024-04-29,0,0
29,10.0,0,19.0,1,synthetic-00393,2022-01-29,2022-02-28,2024-04-29,0,0
35,20.0,1,9.0,0,synthetic-00394,2022-01-30,2022-03-01,2024-04-29,0,0
42,10.0,1,9.0,0,synthetic-00395,2022-01-31,2022-03-02,2024-04-29,0,0
3,12.0,1,9.0,1,synthetic-00396,2022-02-01,2022-03-03,2024-04-29,0,0
10,,1,29.0,1,synthetic-00397,2022-02-02,2022-03-04,2024-04-29,0,0
14,16.0,0,29.0,0,synthetic-00398,2022-02-03,2022-03-05,2024-04-29,0,0
15,17.0,0,9.0,0,synthetic-00399,2022-02-04,2022-03-06,2024-04-29,0,0
48,11.0,0,9.0,1,synthetic-00400,2022-02-05,2022-03-07,2024-04-29,0,0
38,16.0,0,19.0,0,synthetic-00401,2022-02-06,2022-03-08,2024-04-29,0,0
16,16.0,1,9.0,1,synthetic-00402,2022-02-07,2022-03-09,2024-04-29,0,0
47,18.0,1,29.0,1,synthetic-00403,2022-02-08,2022-03-10,2024-04-29,0,0
24,16.0,1,29.0,1,synthetic-00404,2022-02-09,2022-03-11,2024-04-29,1,1
25,8.0,1,9.0,1,synthetic-00405,2022-02-10,2022-03-12,2024-04-29,0,0
21,13.0,2,9.0,1,synthetic-00406,2022-02-11,2022-03-13,2024-04-29,0,0
7,14.0,0,9.0,1,synthetic-00407,2022-02-12,2022-03-14,2024-04-29,0,0
45,10.0,3,19.0,0,synthetic-00408,2022-02-13,2022-03-15,2024-04-29,0,0
1,15.0,1,29.0,1,synthetic-00409,2022-02-14,2022-03-16,2024-04-29,0,0
9,11.0,3,19.0,0,synthetic-00410,2022-02-15,2022-03-17,2024-04-29,1,1
12,7.0,1,9.0,1,synthetic-00411,2022-02-16,2022-03-18,2024-04-29,1,1
14,18.0,2,9.0,1,synthetic-00412,2022-02-17,2022-03-19,2024-04-29,0,0
7,16.0,1,9.0,0,synthetic-00413,2022-02-18,2022-03-20,2024-04-29,1,1
1,11.0,1,9.0,0,synthetic-00414,2022-02-19,2022-03-21,2024-04-29,0,0
33,11.0,1,19.0,1,synthetic-00415,2022-02-20,2022-03-22,2024-04-29,0,0
47,15.0,0,19.0,0,synthetic-00416,2022-02-21,2022-03-23,2024-04-29,0,0
6,13.0,0,9.0,1,synthetic-00417,2022-02-22,2022-03-24,2024-04-29,0,0
15,11.0,0,9.0,1,synthetic-00418,2022-02-23,2022-03-25,2024-04-29,0,0
25,20.0,0,29.0,1,synthetic-00419,2022-02-24,2022-03-26,2024-04-29,0,0
45,16.0,2,29.0,1,synthetic-00420,2022-02-25,2022-03-27,2024-04-29,0,0
34,18.0,3,19.0,1,synthetic-00421,2022-02-26,2022-03-28,2024-04-29,0,0
37,13.0,1,19.0,1,synthetic-00422,2022-02-27,2022-03-29,2024-04-29,0,0
28,10.0,3,19.0,0,synthetic-00423,2022-02-28,2022-03-30,2024-04-29,1,1
21,15.0,2,19.0,0,synthetic-00424,2022-03-01,2022-03-31,2024-04-29,0,0
10,16.0,1,9.0,0,synthetic-00425,2022-03-02,2022-04-01,2024-04-29,1,1
42,13.0,1,19.0,0,synthetic-00426,2022-03-03,2022-04-02,2024-04-29,0,0
39,14.0,3,29.0,1,synthetic-00427,2022-03-04,2022-04-03,2024-04-29,0,0
2,11.0,1,19.0,1,synthetic-00428,2022-03-05,2022-04-04,2024-04-29,0,0
35,11.0,1,29.0,0,synthetic-00429,2022-03-06,2022-04-05,2024-04-29,0,0
5,9.0,1,19.0,1,synthetic-00430,2022-03-07,2022-04-06,2024-04-29,1,1
36,,2,9.0,1,synthetic-00431,2022-03-08,2022-04-07,2024-04-29,0,0
40,14.0,3,19.0,1,synthetic-00432,2022-03-09,2022-04-08,2024-04-29,0,0
7,14.0,1,29.0,1,synthetic-00433,2022-03-10,2022-04-09,2024-04-29,0,0
21,14.0,1,19.0,1,synthetic-00434,2022-03-11,2022-04-10,2024-04-29,0,0
6,15.0,1,19.0,1,synthetic-00435,2022-03-12,2022-04-11,2024-04-29,1,1
28,11.0,0,9.0,1,synthetic-00436,2022-03-13,2022-04-12,2024-04-29,1,1
45,9.0,1,29.0,1,synthetic-00437,2022-03-14,2022-04-13,2024-04-29,0,0
4,10.0,1,19.0,0,synthetic-00438,2022-03-15,2022-04-14,2024-04-29,0,0
20,10.0,0,9.0,1,synthetic-00439,2022-03-16,2022-04-15,2024-04-29,0,0
47,11.0,1,19.0,0,synthetic-00440,2022-03-17,2022-04-16,2024-04-29,0,0
15,17.0,2,9.0,0,synthetic-00441,2022-03-18,2022-04-17,2024-04-29,0,0
7,16.0,0,29.0,1,synthetic-00442,2022-03-19,2022-04-18,2024-04-29,0,0
24,9.0,3,29.0,0,synthetic-00443,2022-03-20,2022-04-19,2024-04-29,1,1
25,19.0,0,9.0,1,synthetic-00444,2022-03-21,2022-04-20,2024-04-29,0,0
32,14.0,1,29.0,1,synthetic-00445,2022-03-22,2022-04-21,2024-04-29,0,0
16,13.0,0,9.0,1,synthetic-00446,2022-03-23,2022-04-22,2024-04-29,1,1
46,14.0,1,19.0,0,synthetic-00447,2022-03-24,2022-04-23,2024-04-29,1,1
26,8.0,0,19.0,0,synthetic-00448,2022-03-25,2022-04-24,2024-04-29,0,0
14,15.0,0,9.0,1,synthetic-00449,2022-03-26,2022-04-25,2024-04-29,0,0
47,6.0,2,29.0,1,synthetic-00450,2022-03-27,2022-04-26,2024-04-29,0,0
45,12.0,0,29.0,1,synthetic-00451,2022-03-28,2022-04-27,2024-04-29,0,0
24,10.0,0,19.0,0,synthetic-00452,2022-03-29,2022-04-28,2024-04-29,0,0
2,16.0,1,9.0,1,synthetic-00453,2022-03-30,2022-04-29,2024-04-29,1,1
29,17.0,2,29.0,1,synthetic-00454,2022-03-31,2022-04-30,2024-04-29,0,0
27,16.0,2,19.0,0,synthetic-00455,2022-04-01,2022-05-01,2024-04-29,0,0
8,-1.0,2,29.0,1,synthetic-00456,2022-04-02,2022-05-02,2024-04-29,1,1
31,19.0,2,19.0,1,synthetic-00457,2022-04-03,2022-05-03,2024-04-29,0,0
41,13.0,0,9.0,1,synthetic-00458,2022-04-04,2022-05-04,2024-04-29,0,0
6,16.0,2,9.0,1,synthetic-00459,2022-04-05,2022-05-05,2024-04-29,0,0
35,13.0,2,9.0,1,synthetic-00460,2022-04-06,2022-05-06,2024-04-29,0,0
7,19.0,0,9.0,1,synthetic-00461,2022-04-07,2022-05-07,2024-04-29,0,0
36,12.0,1,9.0,1,synthetic-00462,2022-04-08,2022-05-08,2024-04-29,0,0
21,,0,9.0,0,synthetic-00463,2022-04-09,2022-05-09,2024-04-29,0,0
1,9.0,1,29.0,1,synthetic-00464,2022-04-10,2022-05-10,2024-04-29,0,0
47,11.0,1,29.0,0,synthetic-00465,2022-04-11,2022-05-11,2024-04-29,0,0
8,12.0,3,9.0,1,synthetic-00466,2022-04-12,2022-05-12,2024-04-29,1,1
29,10.0,2,9.0,0,synthetic-00467,2022-04-13,2022-05-13,2024-04-29,1,1
9,13.0,1,29.0,1,synthetic-00468,2022-04-14,2022-05-14,2024-04-29,0,0
45,10.0,2,19.0,0,synthetic-00469,2022-04-15,2022-05-15,2024-04-29,0,0
36,10.0,1,19.0,1,synthetic-00470,2022-04-16,2022-05-16,2024-04-29,0,0
39,14.0,1,29.0,1,synthetic-00471,2022-04-17,2022-05-17,2024-04-29,0,0
21,,0,19.0,1,synthetic-00472,2022-04-18,2022-05-18,2024-04-29,0,0
23,13.0,3,29.0,1,synthetic-00473,2022-04-19,2022-05-19,2024-04-29,1,1
31,11.0,0,19.0,0,synthetic-00474,2022-04-20,2022-05-20,2024-04-29,0,0
38,18.0,0,19.0,0,synthetic-00475,2022-04-21,2022-05-21,2024-04-29,0,0
41,10.0,3,9.0,0,synthetic-00476,2022-04-22,2022-05-22,2024-04-29,0,0
1,13.0,1,19.0,1,synthetic-00477,2022-04-23,2022-05-23,2024-04-29,0,0
32,13.0,2,29.0,0,synthetic-00478,2022-04-24,2022-05-24,2024-04-29,1,1
6,12.0,2,19.0,0,synthetic-00479,2022-04-25,2022-05-25,2024-04-29,0,0
14,11.0,0,9.0,1,synthetic-00480,2022-04-26,2022-05-26,2024-04-29,0,0
40,8.0,0,19.0,1,synthetic-00481,2022-04-27,2022-05-27,2024-04-29,0,0
13,17.0,1,29.0,0,synthetic-00482,2022-04-28,2022-05-28,2024-04-29,0,0
39,10.0,2,29.0,1,synthetic-00483,2022-04-29,2022-05-29,2024-04-29,0,0
23,13.0,2,19.0,1,synthetic-00484,2022-04-30,2022-05-30,2024-04-29,0,0
12,11.0,1,29.0,0,synthetic-00485,2022-05-01,2022-05-31,2024-04-29,0,0
17,14.0,3,9.0,1,synthetic-00486,2022-05-02,2022-06-01,2024-04-29,0,0
26,6.0,1,19.0,1,synthetic-00487,2022-05-03,2022-06-02,2024-04-29,0,0
37,14.0,1,19.0,1,synthetic-00488,2022-05-04,2022-06-03,2024-04-29,0,0
30,17.0,1,9.0,0,synthetic-00489,2022-05-05,2022-06-04,2024-04-29,0,0
45,14.0,0,29.0,0,synthetic-00490,2022-05-06,2022-06-05,2024-04-29,0,0
42,12.0,0,29.0,0,synthetic-00491,2022-05-07,2022-06-06,2024-04-29,0,0
37,18.0,0,9.0,1,synthetic-00492,2022-05-08,2022-06-07,2024-04-29,0,0
29,8.0,2,9.0,1,synthetic-00493,2022-05-09,2022-06-08,2024-04-29,0,0
14,14.0,1,29.0,1,synthetic-00494,2022-05-10,2022-06-09,2024-04-29,0,0
20,13.0,1,29.0,1,synthetic-00495,2022-05-11,2022-06-10,2024-04-29,0,0
6,12.0,1,29.0,1,synthetic-00496,2022-05-12,2022-06-11,2024-04-29,1,1
18,9.0,1,9.0,0,synthetic-00497,2022-05-13,2022-06-12,2024-04-29,1,1
45,11.0,2,29.0,0,synthetic-00498,2022-05-14,2022-06-13,2024-04-29,0,0
21,14.0,0,29.0,1,synthetic-00499,2022-05-15,2022-06-14,2024-04-29,0,0
6,15.0,3,29.0,0,synthetic-00500,2022-05-16,2022-06-15,2024-04-29,1,1
32,12.0,1,29.0,0,synthetic-00501,2022-05-17,2022-06-16,2024-04-29,0,0
47,,1,29.0,1,synthetic-00502,2022-05-18,2022-06-17,2024-04-29,0,0
42,9.0,2,19.0,1,synthetic-00503,2022-05-19,2022-06-18,2024-04-29,0,0
14,12.0,1,9.0,1,synthetic-00504,2022-05-20,2022-06-19,2024-04-29,0,0
22,21.0,2,9.0,1,synthetic-00505,2022-05-21,2022-06-20,2024-04-29,0,0
26,13.0,0,29.0,1,synthetic-00506,2022-05-22,2022-06-21,2024-04-29,0,0
12,17.0,2,29.0,1,synthetic-00507,2022-05-23,2022-06-22,2024-04-29,0,0
13,14.0,1,9.0,1,synthetic-00508,2022-05-24,2022-06-23,2024-04-29,0,0
12,13.0,1,19.0,1,synthetic-00509,2022-05-25,2022-06-24,2024-04-29,1,1
48,15.0,1,9.0,0,synthetic-00510,2022-05-26,2022-06-25,2024-04-29,1,1
36,,2,9.0,0,synthetic-00511,2022-05-27,2022-06-26,2024-04-29,0,0
41,15.0,2,19.0,1,synthetic-00512,2022-05-28,2022-06-27,2024-04-29,0,0
40,9.0,3,19.0,1,synthetic-00513,2022-05-29,2022-06-28,2024-04-29,0,0
47,15.0,1,19.0,1,synthetic-00514,2022-05-30,2022-06-29,2024-04-29,0,0
6,17.0,0,19.0,1,synthetic-00515,2022-05-31,2022-06-30,2024-04-29,0,0
43,17.0,2,19.0,1,synthetic-00516,2022-06-01,2022-07-01,2024-04-29,0,0
4,10.0,3,29.0,1,synthetic-00517,2022-06-02,2022-07-02,2024-04-29,1,1
23,,1,9.0,1,synthetic-00518,2022-06-03,2022-07-03,2024-04-29,1,1
29,11.0,4,9.0,0,synthetic-00519,2022-06-04,2022-07-04,2024-04-29,1,1
18,12.0,1,19.0,1,synthetic-00520,2022-06-05,2022-07-05,2024-04-29,0,0
8,10.0,0,19.0,0,synthetic-00521,2022-06-06,2022-07-06,2024-04-29,0,0
10,17.0,1,29.0,1,synthetic-00522,2022-06-07,2022-07-07,2024-04-29,0,0
40,17.0,2,29.0,1,synthetic-00523,2022-06-08,2022-07-08,2024-04-29,0,0
16,21.0,3,19.0,0,synthetic-00524,2022-06-09,2022-07-09,2024-04-29,0,0
15,8.0,1,9.0,1,synthetic-00525,2022-06-10,2022-07-10,2024-04-29,0,0
45,13.0,1,9.0,1,synthetic-00526,2022-06-11,2022-07-11,2024-04-29,0,0
7,8.0,1,19.0,0,synthetic-00527,2022-06-12,2022-07-12,2024-04-29,0,0
44,5.0,0,19.0,1,synthetic-00528,2022-06-13,2022-07-13,2024-04-29,0,0
45,8.0,2,19.0,1,synthetic-00529,2022-06-14,2022-07-14,2024-04-29,0,0
29,12.0,3,9.0,1,synthetic-00530,2022-06-15,2022-07-15,2024-04-29,0,0
8,10.0,1,29.0,1,synthetic-00531,2022-06-16,2022-07-16,2024-04-29,1,1
8,14.0,1,19.0,1,synthetic-00532,2022-06-17,2022-07-17,2024-04-29,0,0
14,14.0,1,19.0,1,synthetic-00533,2022-06-18,2022-07-18,2024-04-29,0,0
28,12.0,1,9.0,0,synthetic-00534,2022-06-19,2022-07-19,2024-04-29,0,0
8,16.0,3,29.0,0,synthetic-00535,2022-06-20,2022-07-20,2024-04-29,0,0
22,13.0,3,19.0,1,synthetic-00536,2022-06-21,2022-07-21,2024-04-29,1,1
6,11.0,0,9.0,1,synthetic-00537,2022-06-22,2022-07-22,2024-04-29,0,0
26,20.0,1,9.0,0,synthetic-00538,2022-06-23,2022-07-23,2024-04-29,0,0
2,,1,19.0,0,synthetic-00539,2022-06-24,2022-07-24,2024-04-29,0,0
35,10.0,0,9.0,1,synthetic-00540,2022-06-25,2022-07-25,2024-04-29,0,0
3,27.0,1,29.0,1,synthetic-00541,2022-06-26,2022-07-26,2024-04-29,0,0
10,12.0,1,29.0,0,synthetic-00542,2022-06-27,2022-07-27,2024-04-29,0,0
9,8.0,0,29.0,0,synthetic-00543,2022-06-28,2022-07-28,2024-04-29,0,0
40,12.0,0,19.0,0,synthetic-00544,2022-06-29,2022-07-29,2024-04-29,0,0
3,11.0,1,19.0,1,synthetic-00545,2022-06-30,2022-07-30,2024-04-29,0,0
21,8.0,0,19.0,1,synthetic-00546,2022-07-01,2022-07-31,2024-04-29,0,0
29,20.0,0,19.0,1,synthetic-00547,2022-07-02,2022-08-01,2024-04-29,0,0
25,13.0,1,19.0,1,synthetic-00548,2022-07-03,2022-08-02,2024-04-29,0,0
33,12.0,0,19.0,0,synthetic-00549,2022-07-04,2022-08-03,2024-04-29,0,0
39,10.0,2,29.0,1,synthetic-00550,2022-07-05,2022-08-04,2024-04-29,1,1
19,17.0,2,9.0,1,synthetic-00551,2022-07-06,2022-08-05,2024-04-29,1,1
40,10.0,1,9.0,0,synthetic-00552,2022-07-07,2022-08-06,2024-04-29,0,0
16,11.0,0,29.0,0,synthetic-00553,2022-07-08,2022-08-07,2024-04-29,0,0
48,25.0,3,29.0,0,synthetic-00554,2022-07-09,2022-08-08,2024-04-29,0,0
25,10.0,1,29.0,0,synthetic-00555,2022-07-10,2022-08-09,2024-04-29,1,1
36,11.0,1,19.0,1,synthetic-00556,2022-07-11,2022-08-10,2024-04-29,0,0
43,,1,19.0,1,synthetic-00557,2022-07-12,2022-08-11,2024-04-29,0,0
39,14.0,1,9.0,1,synthetic-00558,2022-07-13,2022-08-12,2024-04-29,0,0
41,11.0,0,9.0,0,synthetic-00559,2022-07-14,2022-08-13,2024-04-29,0,0
26,15.0,2,29.0,0,synthetic-00560,2022-07-15,2022-08-14,2024-04-29,0,0
3,11.0,1,19.0,1,synthetic-00561,2022-07-16,2022-08-15,2024-04-29,1,1
24,13.0,0,19.0,1,synthetic-00562,2022-07-17,2022-08-16,2024-04-29,0,0
9,18.0,1,9.0,1,synthetic-00563,2022-07-18,2022-08-17,2024-04-29,0,0
43,8.0,1,19.0,1,synthetic-00564,2022-07-19,2022-08-18,2024-04-29,0,0
12,15.0,2,29.0,0,synthetic-00565,2022-07-20,2022-08-19,2024-04-29,0,0
11,14.0,0,19.0,1,synthetic-00566,2022-07-21,2022-08-20,2024-04-29,1,1
12,11.0,2,19.0,0,synthetic-00567,2022-07-22,2022-08-21,2024-04-29,0,0
31,13.0,2,29.0,1,synthetic-00568,2022-07-23,2022-08-22,2024-04-29,0,0
28,9.0,1,9.0,1,synthetic-00569,2022-07-24,2022-08-23,2024-04-29,0,0
46,10.0,1,9.0,1,synthetic-00570,2022-07-25,2022-08-24,2024-04-29,0,0
20,7.0,1,19.0,0,synthetic-00571,2022-07-26,2022-08-25,2024-04-29,1,1
14,10.0,2,19.0,1,synthetic-00572,2022-07-27,2022-08-26,2024-04-29,0,0
3,10.0,4,29.0,1,synthetic-00573,2022-07-28,2022-08-27,2024-04-29,0,0
1,11.0,1,9.0,1,synthetic-00574,2022-07-29,2022-08-28,2024-04-29,1,1
18,11.0,1,9.0,0,synthetic-00575,2022-07-30,2022-08-29,2024-04-29,1,1
45,7.0,0,19.0,0,synthetic-00576,2022-07-31,2022-08-30,2024-04-29,0,0
26,9.0,0,19.0,0,synthetic-00577,2022-08-01,2022-08-31,2024-04-29,0,0
43,13.0,1,29.0,1,synthetic-00578,2022-08-02,2022-09-01,2024-04-29,0,0
5,10.0,2,19.0,0,synthetic-00579,2022-08-03,2022-09-02,2024-04-29,0,0
5,18.0,1,19.0,1,synthetic-00580,2022-08-04,2022-09-03,2024-04-29,0,0
41,16.0,2,9.0,0,synthetic-00581,2022-08-05,2022-09-04,2024-04-29,0,0
6,14.0,0,19.0,1,synthetic-00582,2022-08-06,2022-09-05,2024-04-29,0,0
3,7.0,1,19.0,1,synthetic-00583,2022-08-07,2022-09-06,2024-04-29,0,0
20,12.0,0,19.0,0,synthetic-00584,2022-08-08,2022-09-07,2024-04-29,0,0
45,12.0,1,19.0,0,synthetic-00585,2022-08-09,2022-09-08,2024-04-29,0,0
34,,1,19.0,1,synthetic-00586,2022-08-10,2022-09-09,2024-04-29,0,0
5,17.0,1,9.0,1,synthetic-00587,2022-08-11,2022-09-10,2024-04-29,0,0
41,18.0,1,9.0,0,synthetic-00588,2022-08-12,2022-09-11,2024-04-29,0,0
41,11.0,0,9.0,0,synthetic-00589,2022-08-13,2022-09-12,2024-04-29,0,0
39,12.0,1,19.0,0,synthetic-00590,2022-08-14,2022-09-13,2024-04-29,0,0
44,12.0,2,29.0,1,synthetic-00591,2022-08-15,2022-09-14,2024-04-29,0,0
12,11.0,0,29.0,1,synthetic-00592,2022-08-16,2022-09-15,2024-04-29,1,1
48,12.0,0,9.0,0,synthetic-00593,2022-08-17,2022-09-16,2024-04-29,0,0
16,17.0,0,9.0,0,synthetic-00594,2022-08-18,2022-09-17,2024-04-29,0,0
39,13.0,1,19.0,0,synthetic-00595,2022-08-19,2022-09-18,2024-04-29,1,1
28,16.0,3,9.0,0,synthetic-00596,2022-08-20,2022-09-19,2024-04-29,0,0
38,7.0,1,19.0,1,synthetic-00597,2022-08-21,2022-09-20,2024-04-29,1,1
31,15.0,1,19.0,1,synthetic-00598,2022-08-22,2022-09-21,2024-04-29,1,1
31,13.0,1,29.0,0,synthetic-00599,2022-08-23,2022-09-22,2024-04-29,0,0
30,6.0,1,19.0,1,synthetic-00600,2022-08-24,2022-09-23,2024-04-29,1,1
38,10.0,1,29.0,0,synthetic-00601,2022-08-25,2022-09-24,2024-04-29,1,1
36,18.0,1,19.0,0,synthetic-00602,2022-08-26,2022-09-25,2024-04-29,0,0
7,10.0,0,29.0,0,synthetic-00603,2022-08-27,2022-09-26,2024-04-29,1,1
40,15.0,1,19.0,1,synthetic-00604,2022-08-28,2022-09-27,2024-04-29,0,0
26,8.0,0,19.0,0,synthetic-00605,2022-08-29,2022-09-28,2024-04-29,0,0
16,17.0,3,19.0,1,synthetic-00606,2022-08-30,2022-09-29,2024-04-29,0,0
25,19.0,1,19.0,1,synthetic-00607,2022-08-31,2022-09-30,2024-04-29,0,0
47,20.0,2,29.0,1,synthetic-00608,2022-09-01,2022-10-01,2024-04-29,0,0
42,11.0,2,19.0,1,synthetic-00609,2022-09-02,2022-10-02,2024-04-29,1,1
41,12.0,4,9.0,0,synthetic-00610,2022-09-03,2022-10-03,2024-04-29,1,1
23,,1,19.0,0,synthetic-00611,2022-09-04,2022-10-04,2024-04-29,1,1
38,15.0,2,19.0,1,synthetic-00612,2022-09-05,2022-10-05,2024-04-29,0,0
19,11.0,0,19.0,0,synthetic-00613,2022-09-06,2022-10-06,2024-04-29,1,1
33,8.0,1,9.0,1,synthetic-00614,2022-09-07,2022-10-07,2024-04-29,0,0
31,11.0,1,9.0,0,synthetic-00615,2022-09-08,2022-10-08,2024-04-29,0,0
12,10.0,3,9.0,0,synthetic-00616,2022-09-09,2022-10-09,2024-04-29,1,1
13,11.0,3,19.0,1,synthetic-00617,2022-09-10,2022-10-10,2024-04-29,1,1
3,11.0,2,9.0,1,synthetic-00618,2022-09-11,2022-10-11,2024-04-29,0,0
7,10.0,1,19.0,1,synthetic-00619,2022-09-12,2022-10-12,2024-04-29,0,0
21,,1,9.0,1,synthetic-00620,2022-09-13,2022-10-13,2024-04-29,0,0
23,13.0,1,9.0,0,synthetic-00621,2022-09-14,2022-10-14,2024-04-29,0,0
8,11.0,2,9.0,1,synthetic-00622,2022-09-15,2022-10-15,2024-04-29,0,0
21,22.0,0,9.0,1,synthetic-00623,2022-09-16,2022-10-16,2024-04-29,0,0
30,5.0,0,9.0,1,synthetic-00624,2022-09-17,2022-10-17,2024-04-29,0,0
12,12.0,2,29.0,0,synthetic-00625,2022-09-18,2022-10-18,2024-04-29,0,0
17,13.0,0,9.0,1,synthetic-00626,2022-09-19,2022-10-19,2024-04-29,0,0
18,15.0,0,19.0,0,synthetic-00627,2022-09-20,2022-10-20,2024-04-29,0,0
25,14.0,0,19.0,0,synthetic-00628,2022-09-21,2022-10-21,2024-04-29,0,0
18,17.0,3,29.0,1,synthetic-00629,2022-09-22,2022-10-22,2024-04-29,0,0
36,13.0,2,19.0,1,synthetic-00630,2022-09-23,2022-10-23,2024-04-29,0,0
16,17.0,3,19.0,1,synthetic-00631,2022-09-24,2022-10-24,2024-04-29,0,0
21,11.0,1,29.0,1,synthetic-00632,2022-09-25,2022-10-25,2024-04-29,1,1
19,11.0,1,29.0,0,synthetic-00633,2022-09-26,2022-10-26,2024-04-29,1,1
9,9.0,0,9.0,0,synthetic-00634,2022-09-27,2022-10-27,2024-04-29,0,0
33,17.0,0,29.0,1,synthetic-00635,2022-09-28,2022-10-28,2024-04-29,0,0
12,9.0,1,19.0,1,synthetic-00636,2022-09-29,2022-10-29,2024-04-29,0,0
15,14.0,1,9.0,1,synthetic-00637,2022-09-30,2022-10-30,2024-04-29,0,0
39,10.0,2,19.0,1,synthetic-00638,2022-10-01,2022-10-31,2024-04-29,0,0
46,15.0,1,29.0,0,synthetic-00639,2022-10-02,2022-11-01,2024-04-29,0,0
33,20.0,1,9.0,0,synthetic-00640,2022-10-03,2022-11-02,2024-04-29,0,0
44,,1,9.0,0,synthetic-00641,2022-10-04,2022-11-03,2024-04-29,1,1
42,,1,29.0,1,synthetic-00642,2022-10-05,2022-11-04,2024-04-29,0,0
24,13.0,2,19.0,1,synthetic-00643,2022-10-06,2022-11-05,2024-04-29,0,0
37,13.0,0,9.0,1,synthetic-00644,2022-10-07,2022-11-06,2024-04-29,0,0
16,11.0,0,29.0,0,synthetic-00645,2022-10-08,2022-11-07,2024-04-29,0,0
23,11.0,0,19.0,0,synthetic-00646,2022-10-09,2022-11-08,2024-04-29,1,1
26,12.0,0,9.0,0,synthetic-00647,2022-10-10,2022-11-09,2024-04-29,0,0
47,11.0,1,9.0,1,synthetic-00648,2022-10-11,2022-11-10,2024-04-29,0,0
41,9.0,1,19.0,1,synthetic-00649,2022-10-12,2022-11-11,2024-04-29,0,0
24,13.0,0,9.0,0,synthetic-00650,2022-10-13,2022-11-12,2024-04-29,0,0
32,13.0,1,19.0,1,synthetic-00651,2022-10-14,2022-11-13,2024-04-29,0,0
10,16.0,1,9.0,1,synthetic-00652,2022-10-15,2022-11-14,2024-04-29,0,0
39,12.0,2,9.0,1,synthetic-00653,2022-10-16,2022-11-15,2024-04-29,0,0
27,17.0,2,29.0,0,synthetic-00654,2022-10-17,2022-11-16,2024-04-29,0,0
26,13.0,3,9.0,1,synthetic-00655,2022-10-18,2022-11-17,2024-04-29,1,1
37,8.0,1,29.0,0,synthetic-00656,2022-10-19,2022-11-18,2024-04-29,0,0
31,15.0,1,9.0,1,synthetic-00657,2022-10-20,2022-11-19,2024-04-29,0,0
4,15.0,0,19.0,1,synthetic-00658,2022-10-21,2022-11-20,2024-04-29,0,0
14,7.0,0,9.0,1,synthetic-00659,2022-10-22,2022-11-21,2024-04-29,0,0
9,9.0,1,19.0,1,synthetic-00660,2022-10-23,2022-11-22,2024-04-29,1,1
36,11.0,0,19.0,0,synthetic-00661,2022-10-24,2022-11-23,2024-04-29,0,0
2,,0,9.0,0,synthetic-00662,2022-10-25,2022-11-24,2024-04-29,0,0
10,,1,19.0,0,synthetic-00663,2022-10-26,2022-11-25,2024-04-29,0,0
29,12.0,0,29.0,0,synthetic-00664,2022-10-27,2022-11-26,2024-04-29,0,0
34,14.0,1,19.0,0,synthetic-00665,2022-10-28,2022-11-27,2024-04-29,1,1
25,-1.0,3,9.0,1,synthetic-00666,2022-10-29,2022-11-28,2024-04-29,1,1
42,11.0,1,29.0,0,synthetic-00667,2022-10-30,2022-11-29,2024-04-29,0,0
45,12.0,1,9.0,1,synthetic-00668,2022-10-31,2022-11-30,2024-04-29,0,0
7,10.0,0,9.0,0,synthetic-00669,2022-11-01,2022-12-01,2024-04-29,0,0
46,11.0,1,19.0,1,synthetic-00670,2022-11-02,2022-12-02,2024-04-29,0,0
30,17.0,0,9.0,0,synthetic-00671,2022-11-03,2022-12-03,2024-04-29,0,0
31,8.0,1,9.0,1,synthetic-00672,2022-11-04,2022-12-04,2024-04-29,0,0
5,17.0,0,29.0,1,synthetic-00673,2022-11-05,2022-12-05,2024-04-29,0,0
30,8.0,0,19.0,1,synthetic-00674,2022-11-06,2022-12-06,2024-04-29,0,0
35,15.0,0,29.0,1,synthetic-00675,2022-11-07,2022-12-07,2024-04-29,0,0
28,13.0,0,19.0,1,synthetic-00676,2022-11-08,2022-12-08,2024-04-29,0,0
5,11.0,3,19.0,1,synthetic-00677,2022-11-09,2022-12-09,2024-04-29,0,0
26,10.0,2,29.0,1,synthetic-00678,2022-11-10,2022-12-10,2024-04-29,0,0
45,7.0,0,9.0,1,synthetic-00679,2022-11-11,2022-12-11,2024-04-29,0,0
35,13.0,1,19.0,1,synthetic-00680,2022-11-12,2022-12-12,2024-04-29,0,0
7,16.0,0,29.0,0,synthetic-00681,2022-11-13,2022-12-13,2024-04-29,0,0
47,13.0,1,9.0,1,synthetic-00682,2022-11-14,2022-12-14,2024-04-29,0,0
47,11.0,0,29.0,1,synthetic-00683,2022-11-15,2022-12-15,2024-04-29,0,0
9,12.0,2,9.0,1,synthetic-00684,2022-11-16,2022-12-16,2024-04-29,0,0
39,9.0,0,19.0,1,synthetic-00685,2022-11-17,2022-12-17,2024-04-29,1,1
20,7.0,0,29.0,1,synthetic-00686,2022-11-18,2022-12-18,2024-04-29,1,1
29,15.0,2,9.0,1,synthetic-00687,2022-11-19,2022-12-19,2024-04-29,0,0
22,6.0,0,29.0,1,synthetic-00688,2022-11-20,2022-12-20,2024-04-29,1,1
38,14.0,4,9.0,1,synthetic-00689,2022-11-21,2022-12-21,2024-04-29,0,0
48,16.0,1,9.0,1,synthetic-00690,2022-11-22,2022-12-22,2024-04-29,0,0
39,13.0,2,19.0,1,synthetic-00691,2022-11-23,2022-12-23,2024-04-29,0,0
45,13.0,2,19.0,1,synthetic-00692,2022-11-24,2022-12-24,2024-04-29,0,0
46,12.0,2,29.0,0,synthetic-00693,2022-11-25,2022-12-25,2024-04-29,0,0
5,,5,29.0,1,synthetic-00694,2022-11-26,2022-12-26,2024-04-29,1,1
13,12.0,3,29.0,0,synthetic-00695,2022-11-27,2022-12-27,2024-04-29,1,1
35,13.0,2,19.0,1,synthetic-00696,2022-11-28,2022-12-28,2024-04-29,0,0
29,14.0,2,9.0,1,synthetic-00697,2022-11-29,2022-12-29,2024-04-29,0,0
3,14.0,0,29.0,1,synthetic-00698,2022-11-30,2022-12-30,2024-04-29,0,0
5,14.0,2,19.0,1,synthetic-00699,2022-12-01,2022-12-31,2024-04-29,0,0
25,13.0,1,9.0,1,synthetic-00700,2022-12-02,2023-01-01,2024-04-29,0,0
30,10.0,2,29.0,0,synthetic-00701,2022-12-03,2023-01-02,2024-04-29,0,0
9,17.0,3,19.0,0,synthetic-00702,2022-12-04,2023-01-03,2024-04-29,1,1
9,9.0,0,19.0,1,synthetic-00703,2022-12-05,2023-01-04,2024-04-29,0,0
7,16.0,0,19.0,1,synthetic-00704,2022-12-06,2023-01-05,2024-04-29,0,0
28,13.0,2,29.0,0,synthetic-00705,2022-12-07,2023-01-06,2024-04-29,1,1
1,12.0,1,9.0,1,synthetic-00706,2022-12-08,2023-01-07,2024-04-29,0,0
28,,2,19.0,1,synthetic-00707,2022-12-09,2023-01-08,2024-04-29,0,0
23,11.0,0,9.0,0,synthetic-00708,2022-12-10,2023-01-09,2024-04-29,0,0
23,8.0,1,19.0,1,synthetic-00709,2022-12-11,2023-01-10,2024-04-29,0,0
33,11.0,0,9.0,1,synthetic-00710,2022-12-12,2023-01-11,2024-04-29,0,0
26,12.0,1,19.0,1,synthetic-00711,2022-12-13,2023-01-12,2024-04-29,1,1
35,-1.0,1,29.0,1,synthetic-00712,2022-12-14,2023-01-13,2024-04-29,0,0
37,16.0,0,19.0,1,synthetic-00713,2022-12-15,2023-01-14,2024-04-29,0,0
45,7.0,2,29.0,0,synthetic-00714,2022-12-16,2023-01-15,2024-04-29,1,1
39,21.0,0,29.0,1,synthetic-00715,2022-12-17,2023-01-16,2024-04-29,0,0
25,17.0,2,9.0,1,synthetic-00716,2022-12-18,2023-01-17,2024-04-29,0,0
24,13.0,0,19.0,1,synthetic-00717,2022-12-19,2023-01-18,2024-04-29,1,1
12,16.0,0,19.0,0,synthetic-00718,2022-12-20,2023-01-19,2024-04-29,0,0
29,10.0,2,19.0,1,synthetic-00719,2022-12-21,2023-01-20,2024-04-29,1,1
7,12.0,1,29.0,0,synthetic-00720,2022-12-22,2023-01-21,2024-04-29,0,0
45,12.0,1,19.0,1,synthetic-00721,2022-12-23,2023-01-22,2024-04-29,0,0
41,7.0,0,9.0,1,synthetic-00722,2022-12-24,2023-01-23,2024-04-29,0,0
6,9.0,2,19.0,1,synthetic-00723,2022-12-25,2023-01-24,2024-04-29,1,1
38,8.0,2,9.0,1,synthetic-00724,2022-12-26,2023-01-25,2024-04-29,0,0
6,13.0,1,19.0,1,synthetic-00725,2022-12-27,2023-01-26,2024-04-29,0,0
35,8.0,2,19.0,0,synthetic-00726,2022-12-28,2023-01-27,2024-04-29,0,0
5,11.0,0,29.0,0,synthetic-00727,2022-12-29,2023-01-28,2024-04-29,1,1
24,18.0,3,9.0,0,synthetic-00728,2022-12-30,2023-01-29,2024-04-29,1,1
32,16.0,4,19.0,1,synthetic-00729,2022-12-31,2023-01-30,2024-04-29,0,0
35,13.0,2,9.0,1,synthetic-00730,2023-01-01,2023-01-31,2024-04-29,0,0
21,14.0,2,19.0,1,synthetic-00731,2023-01-02,2023-02-01,2024-04-29,0,0
45,15.0,0,19.0,1,synthetic-00732,2023-01-03,2023-02-02,2024-04-29,0,0
38,12.0,0,19.0,0,synthetic-00733,2023-01-04,2023-02-03,2024-04-29,0,0
10,10.0,4,9.0,0,synthetic-00734,2023-01-05,2023-02-04,2024-04-29,1,1
33,12.0,1,9.0,1,synthetic-00735,2023-01-06,2023-02-05,2024-04-29,0,0
36,22.0,0,19.0,0,synthetic-00736,2023-01-07,2023-02-06,2024-04-29,0,0
17,10.0,1,19.0,0,synthetic-00737,2023-01-08,2023-02-07,2024-04-29,1,1
36,13.0,2,9.0,1,synthetic-00738,2023-01-09,2023-02-08,2024-04-29,0,0
44,,0,19.0,0,synthetic-00739,2023-01-10,2023-02-09,2024-04-29,0,0
40,12.0,1,9.0,1,synthetic-00740,2023-01-11,2023-02-10,2024-04-29,0,0
37,13.0,1,19.0,1,synthetic-00741,2023-01-12,2023-02-11,2024-04-29,0,0
31,15.0,2,19.0,1,synthetic-00742,2023-01-13,2023-02-12,2024-04-29,0,0
13,-1.0,0,29.0,1,synthetic-00743,2023-01-14,2023-02-13,2024-04-29,0,0
39,4.0,1,29.0,1,synthetic-00744,2023-01-15,2023-02-14,2024-04-29,0,0
18,13.0,0,29.0,0,synthetic-00745,2023-01-16,2023-02-15,2024-04-29,0,0
26,6.0,2,9.0,1,synthetic-00746,2023-01-17,2023-02-16,2024-04-29,1,1
16,10.0,2,29.0,1,synthetic-00747,2023-01-18,2023-02-17,2024-04-29,0,0
16,12.0,1,19.0,1,synthetic-00748,2023-01-19,2023-02-18,2024-04-29,0,0
8,14.0,1,19.0,1,synthetic-00749,2023-01-20,2023-02-19,2024-04-29,0,0
47,10.0,1,29.0,0,synthetic-00750,2023-01-21,2023-02-20,2024-04-29,0,0
8,6.0,1,9.0,1,synthetic-00751,2023-01-22,2023-02-21,2024-04-29,0,0
5,11.0,1,9.0,0,synthetic-00752,2023-01-23,2023-02-22,2024-04-29,1,1
45,12.0,2,29.0,0,synthetic-00753,2023-01-24,2023-02-23,2024-04-29,0,0
27,13.0,0,19.0,1,synthetic-00754,2023-01-25,2023-02-24,2024-04-29,0,0
22,14.0,0,19.0,1,synthetic-00755,2023-01-26,2023-02-25,2024-04-29,0,0
36,12.0,1,9.0,1,synthetic-00756,2023-01-27,2023-02-26,2024-04-29,0,0
19,10.0,1,19.0,0,synthetic-00757,2023-01-28,2023-02-27,2024-04-29,0,0
7,9.0,0,9.0,0,synthetic-00758,2023-01-29,2023-02-28,2024-04-29,0,0
36,13.0,2,19.0,1,synthetic-00759,2023-01-30,2023-03-01,2024-04-29,0,0
9,13.0,1,19.0,1,synthetic-00760,2023-01-31,2023-03-02,2024-04-29,0,0
27,10.0,1,29.0,0,synthetic-00761,2023-02-01,2023-03-03,2024-04-29,1,1
46,6.0,2,29.0,1,synthetic-00762,2023-02-02,2023-03-04,2024-04-29,1,1
45,17.0,5,9.0,0,synthetic-00763,2023-02-03,2023-03-05,2024-04-29,0,0
18,12.0,1,9.0,0,synthetic-00764,2023-02-04,2023-03-06,2024-04-29,0,0
38,12.0,2,19.0,1,synthetic-00765,2023-02-05,2023-03-07,2024-04-29,0,0
30,16.0,0,29.0,1,synthetic-00766,2023-02-06,2023-03-08,2024-04-29,0,0
24,14.0,1,9.0,1,synthetic-00767,2023-02-07,2023-03-09,2024-04-29,0,0
7,,1,19.0,1,synthetic-00768,2023-02-08,2023-03-10,2024-04-29,0,0
19,10.0,0,19.0,0,synthetic-00769,2023-02-09,2023-03-11,2024-04-29,1,1
32,12.0,4,9.0,0,synthetic-00770,2023-02-10,2023-03-12,2024-04-29,1,1
48,11.0,2,19.0,0,synthetic-00771,2023-02-11,2023-03-13,2024-04-29,1,1
1,7.0,1,9.0,1,synthetic-00772,2023-02-12,2023-03-14,2024-04-29,0,0
35,16.0,2,19.0,1,synthetic-00773,2023-02-13,2023-03-15,2024-04-29,0,0
41,11.0,2,29.0,0,synthetic-00774,2023-02-14,2023-03-16,2024-04-29,1,1
46,12.0,1,19.0,1,synthetic-00775,2023-02-15,2023-03-17,2024-04-29,0,0
21,17.0,0,9.0,1,synthetic-00776,2023-02-16,2023-03-18,2024-04-29,0,0
6,13.0,1,29.0,1,synthetic-00777,2023-02-17,2023-03-19,2024-04-29,0,0
14,13.0,0,9.0,1,synthetic-00778,2023-02-18,2023-03-20,2024-04-29,0,0
41,11.0,1,29.0,0,synthetic-00779,2023-02-19,2023-03-21,2024-04-29,1,1
43,13.0,2,29.0,1,synthetic-00780,2023-02-20,2023-03-22,2024-04-29,0,0
31,12.0,1,19.0,0,synthetic-00781,2023-02-21,2023-03-23,2024-04-29,0,0
6,15.0,1,9.0,1,synthetic-00782,2023-02-22,2023-03-24,2024-04-29,1,1
6,8.0,1,29.0,1,synthetic-00783,2023-02-23,2023-03-25,2024-04-29,1,1
23,10.0,1,29.0,1,synthetic-00784,2023-02-24,2023-03-26,2024-04-29,1,1
29,9.0,0,19.0,0,synthetic-00785,2023-02-25,2023-03-27,2024-04-29,0,0
2,9.0,1,29.0,1,synthetic-00786,2023-02-26,2023-03-28,2024-04-29,0,0
33,19.0,1,29.0,1,synthetic-00787,2023-02-27,2023-03-29,2024-04-29,0,0
27,17.0,0,29.0,1,synthetic-00788,2023-02-28,2023-03-30,2024-04-29,0,0
1,16.0,1,9.0,0,synthetic-00789,2023-03-01,2023-03-31,2024-04-29,0,0
5,11.0,3,19.0,0,synthetic-00790,2023-03-02,2023-04-01,2024-04-29,1,1
22,14.0,2,9.0,1,synthetic-00791,2023-03-03,2023-04-02,2024-04-29,0,0
35,11.0,1,9.0,0,synthetic-00792,2023-03-04,2023-04-03,2024-04-29,0,0
40,14.0,2,19.0,1,synthetic-00793,2023-03-05,2023-04-04,2024-04-29,0,0
21,17.0,2,9.0,1,synthetic-00794,2023-03-06,2023-04-05,2024-04-29,0,0
15,8.0,0,9.0,1,synthetic-00795,2023-03-07,2023-04-06,2024-04-29,0,0
47,23.0,0,29.0,0,synthetic-00796,2023-03-08,2023-04-07,2024-04-29,0,0
23,9.0,1,19.0,1,synthetic-00797,2023-03-09,2023-04-08,2024-04-29,0,0
16,16.0,2,19.0,1,synthetic-00798,2023-03-10,2023-04-09,2024-04-29,1,1
22,12.0,0,9.0,1,synthetic-00799,2023-03-11,2023-04-10,2024-04-29,0,0
1,10.0,2,29.0,1,synthetic-00800,2023-03-12,2023-04-11,2024-04-29,1,1
15,8.0,0,19.0,0,synthetic-00801,2023-03-13,2023-04-12,2024-04-29,0,0
25,15.0,1,19.0,0,synthetic-00802,2023-03-14,2023-04-13,2024-04-29,0,0
45,11.0,1,9.0,1,synthetic-00803,2023-03-15,2023-04-14,2024-04-29,0,0
36,12.0,1,9.0,1,synthetic-00804,2023-03-16,2023-04-15,2024-04-29,0,0
38,9.0,0,9.0,1,synthetic-00805,2023-03-17,2023-04-16,2024-04-29,1,1
27,8.0,0,9.0,1,synthetic-00806,2023-03-18,2023-04-17,2024-04-29,1,1
6,14.0,1,29.0,1,synthetic-00807,2023-03-19,2023-04-18,2024-04-29,0,0
19,8.0,0,19.0,0,synthetic-00808,2023-03-20,2023-04-19,2024-04-29,1,1
48,10.0,2,19.0,1,synthetic-00809,2023-03-21,2023-04-20,2024-04-29,0,0
3,9.0,2,29.0,0,synthetic-00810,2023-03-22,2023-04-21,2024-04-29,0,0
43,,2,29.0,1,synthetic-00811,2023-03-23,2023-04-22,2024-04-29,1,1
33,9.0,2,9.0,0,synthetic-00812,2023-03-24,2023-04-23,2024-04-29,0,0
14,16.0,2,19.0,1,synthetic-00813,2023-03-25,2023-04-24,2024-04-29,0,0
38,14.0,1,19.0,0,synthetic-00814,2023-03-26,2023-04-25,2024-04-29,0,0
41,7.0,0,9.0,0,synthetic-00815,2023-03-27,2023-04-26,2024-04-29,1,1
3,11.0,3,29.0,1,synthetic-00816,2023-03-28,2023-04-27,2024-04-29,1,1
6,8.0,1,19.0,0,synthetic-00817,2023-03-29,2023-04-28,2024-04-29,0,0
32,17.0,3,19.0,1,synthetic-00818,2023-03-30,2023-04-29,2024-04-29,0,0
48,15.0,1,19.0,1,synthetic-00819,2023-03-31,2023-04-30,2024-04-29,0,0
2,13.0,1,29.0,1,synthetic-00820,2023-04-01,2023-05-01,2024-04-29,1,1
32,9.0,2,9.0,0,synthetic-00821,2023-04-02,2023-05-02,2024-04-29,0,0
7,7.0,1,19.0,0,synthetic-00822,2023-04-03,2023-05-03,2024-04-29,1,1
32,13.0,0,29.0,1,synthetic-00823,2023-04-04,2023-05-04,2024-04-29,0,0
30,9.0,2,29.0,0,synthetic-00824,2023-04-05,2023-05-05,2024-04-29,0,0
5,14.0,0,19.0,1,synthetic-00825,2023-04-06,2023-05-06,2024-04-29,0,0
33,18.0,1,9.0,1,synthetic-00826,2023-04-07,2023-05-07,2024-04-29,0,0
44,16.0,1,29.0,1,synthetic-00827,2023-04-08,2023-05-08,2024-04-29,0,0
42,16.0,0,29.0,1,synthetic-00828,2023-04-09,2023-05-09,2024-04-29,0,0
2,13.0,1,19.0,1,synthetic-00829,2023-04-10,2023-05-10,2024-04-29,0,0
12,14.0,0,19.0,1,synthetic-00830,2023-04-11,2023-05-11,2024-04-29,0,0
12,7.0,2,19.0,1,synthetic-00831,2023-04-12,2023-05-12,2024-04-29,0,0
22,10.0,0,9.0,1,synthetic-00832,2023-04-13,2023-05-13,2024-04-29,1,1
7,8.0,5,9.0,0,synthetic-00833,2023-04-14,2023-05-14,2024-04-29,1,1
42,14.0,1,29.0,1,synthetic-00834,2023-04-15,2023-05-15,2024-04-29,0,0
38,9.0,3,29.0,0,synthetic-00835,2023-04-16,2023-05-16,2024-04-29,0,0
39,11.0,2,9.0,1,synthetic-00836,2023-04-17,2023-05-17,2024-04-29,1,1
10,10.0,2,19.0,1,synthetic-00837,2023-04-18,2023-05-18,2024-04-29,1,1
1,11.0,3,29.0,1,synthetic-00838,2023-04-19,2023-05-19,2024-04-29,0,0
44,15.0,2,9.0,0,synthetic-00839,2023-04-20,2023-05-20,2024-04-29,1,1
14,9.0,0,9.0,1,synthetic-00840,2023-04-21,2023-05-21,2024-04-29,0,0
32,11.0,3,9.0,1,synthetic-00841,2023-04-22,2023-05-22,2024-04-29,1,1
44,14.0,0,9.0,0,synthetic-00842,2023-04-23,2023-05-23,2024-04-29,0,0
2,13.0,1,19.0,0,synthetic-00843,2023-04-24,2023-05-24,2024-04-29,1,1
1,10.0,1,19.0,1,synthetic-00844,2023-04-25,2023-05-25,2024-04-29,1,1
1,,1,29.0,1,synthetic-00845,2023-04-26,2023-05-26,2024-04-29,1,1
8,11.0,2,29.0,1,synthetic-00846,2023-04-27,2023-05-27,2024-04-29,0,0
3,9.0,2,29.0,1,synthetic-00847,2023-04-28,2023-05-28,2024-04-29,1,1
40,9.0,0,29.0,0,synthetic-00848,2023-04-29,2023-05-29,2024-04-29,0,0
30,15.0,1,29.0,1,synthetic-00849,2023-04-30,2023-05-30,2024-04-29,0,0
48,11.0,2,19.0,1,synthetic-00850,2023-05-01,2023-05-31,2024-04-29,0,0
39,,3,29.0,1,synthetic-00851,2023-05-02,2023-06-01,2024-04-29,0,0
47,14.0,1,9.0,1,synthetic-00852,2023-05-03,2023-06-02,2024-04-29,0,0
12,15.0,0,29.0,0,synthetic-00853,2023-05-04,2023-06-03,2024-04-29,0,0
14,11.0,1,9.0,1,synthetic-00854,2023-05-05,2023-06-04,2024-04-29,0,0
41,10.0,0,19.0,1,synthetic-00855,2023-05-06,2023-06-05,2024-04-29,0,0
12,11.0,1,9.0,1,synthetic-00856,2023-05-07,2023-06-06,2024-04-29,0,0
3,11.0,1,19.0,1,synthetic-00857,2023-05-08,2023-06-07,2024-04-29,0,0
33,18.0,1,29.0,1,synthetic-00858,2023-05-09,2023-06-08,2024-04-29,0,0
39,13.0,2,9.0,1,synthetic-00859,2023-05-10,2023-06-09,2024-04-29,0,0
47,7.0,1,19.0,1,synthetic-00860,2023-05-11,2023-06-10,2024-04-29,1,1
45,9.0,1,9.0,0,synthetic-00861,2023-05-12,2023-06-11,2024-04-29,0,0
6,12.0,1,9.0,0,synthetic-00862,2023-05-13,2023-06-12,2024-04-29,0,0
38,8.0,2,19.0,0,synthetic-00863,2023-05-14,2023-06-13,2024-04-29,0,0
41,12.0,1,19.0,1,synthetic-00864,2023-05-15,2023-06-14,2024-04-29,0,0
34,12.0,0,9.0,1,synthetic-00865,2023-05-16,2023-06-15,2024-04-29,0,0
40,7.0,2,19.0,1,synthetic-00866,2023-05-17,2023-06-16,2024-04-29,0,0
41,13.0,2,29.0,0,synthetic-00867,2023-05-18,2023-06-17,2024-04-29,0,0
22,23.0,1,19.0,1,synthetic-00868,2023-05-19,2023-06-18,2024-04-29,0,0
2,13.0,0,29.0,1,synthetic-00869,2023-05-20,2023-06-19,2024-04-29,0,0
22,11.0,1,29.0,1,synthetic-00870,2023-05-21,2023-06-20,2024-04-29,0,0
10,10.0,4,19.0,1,synthetic-00871,2023-05-22,2023-06-21,2024-04-29,0,0
6,22.0,1,19.0,0,synthetic-00872,2023-05-23,2023-06-22,2024-04-29,0,0
6,18.0,2,29.0,0,synthetic-00873,2023-05-24,2023-06-23,2024-04-29,0,0
34,14.0,2,19.0,1,synthetic-00874,2023-05-25,2023-06-24,2024-04-29,0,0
25,12.0,2,19.0,0,synthetic-00875,2023-05-26,2023-06-25,2024-04-29,0,0
26,11.0,1,9.0,1,synthetic-00876,2023-05-27,2023-06-26,2024-04-29,0,0
36,9.0,0,9.0,1,synthetic-00877,2023-05-28,2023-06-27,2024-04-29,0,0
27,8.0,0,9.0,1,synthetic-00878,2023-05-29,2023-06-28,2024-04-29,0,0
31,5.0,0,19.0,0,synthetic-00879,2023-05-30,2023-06-29,2024-04-29,0,0
5,14.0,3,29.0,1,synthetic-00880,2023-05-31,2023-06-30,2024-04-29,0,0
41,10.0,3,9.0,1,synthetic-00881,2023-06-01,2023-07-01,2024-04-29,0,0
22,13.0,0,9.0,0,synthetic-00882,2023-06-02,2023-07-02,2024-04-29,0,0
8,12.0,2,9.0,1,synthetic-00883,2023-06-03,2023-07-03,2024-04-29,1,1
40,14.0,1,19.0,1,synthetic-00884,2023-06-04,2023-07-04,2024-04-29,0,0
36,10.0,0,9.0,1,synthetic-00885,2023-06-05,2023-07-05,2024-04-29,0,0
3,9.0,2,9.0,0,synthetic-00886,2023-06-06,2023-07-06,2024-04-29,1,1
10,15.0,2,9.0,0,synthetic-00887,2023-06-07,2023-07-07,2024-04-29,1,1
1,9.0,2,9.0,0,synthetic-00888,2023-06-08,2023-07-08,2024-04-29,0,0
13,10.0,2,9.0,1,synthetic-00889,2023-06-09,2023-07-09,2024-04-29,1,1
5,8.0,0,29.0,1,synthetic-00890,2023-06-10,2023-07-10,2024-04-29,0,0
35,12.0,2,29.0,0,synthetic-00891,2023-06-11,2023-07-11,2024-04-29,0,0
26,8.0,0,19.0,1,synthetic-00892,2023-06-12,2023-07-12,2024-04-29,0,0
48,6.0,1,9.0,1,synthetic-00893,2023-06-13,2023-07-13,2024-04-29,0,0
36,9.0,0,9.0,0,synthetic-00894,2023-06-14,2023-07-14,2024-04-29,1,1
30,10.0,4,9.0,1,synthetic-00895,2023-06-15,2023-07-15,2024-04-29,0,0
25,12.0,1,19.0,1,synthetic-00896,2023-06-16,2023-07-16,2024-04-29,0,0
3,11.0,1,19.0,0,synthetic-00897,2023-06-17,2023-07-17,2024-04-29,0,0
4,12.0,2,9.0,0,synthetic-00898,2023-06-18,2023-07-18,2024-04-29,0,0
30,13.0,4,19.0,0,synthetic-00899,2023-06-19,2023-07-19,2024-04-29,0,0
1,13.0,4,9.0,0,synthetic-00900,2023-06-20,2023-07-20,2024-04-29,1,1
3,6.0,0,19.0,1,synthetic-00901,2023-06-21,2023-07-21,2024-04-29,0,0
11,,0,29.0,0,synthetic-00902,2023-06-22,2023-07-22,2024-04-29,0,0
43,5.0,3,9.0,1,synthetic-00903,2023-06-23,2023-07-23,2024-04-29,1,1
23,8.0,2,19.0,0,synthetic-00904,2023-06-24,2023-07-24,2024-04-29,0,0
35,10.0,0,19.0,1,synthetic-00905,2023-06-25,2023-07-25,2024-04-29,1,1
20,12.0,1,29.0,0,synthetic-00906,2023-06-26,2023-07-26,2024-04-29,1,1
9,13.0,1,19.0,1,synthetic-00907,2023-06-27,2023-07-27,2024-04-29,0,0
18,16.0,0,19.0,0,synthetic-00908,2023-06-28,2023-07-28,2024-04-29,0,0
5,9.0,0,29.0,1,synthetic-00909,2023-06-29,2023-07-29,2024-04-29,1,1
37,6.0,4,19.0,1,synthetic-00910,2023-06-30,2023-07-30,2024-04-29,1,1
9,13.0,1,19.0,1,synthetic-00911,2023-07-01,2023-07-31,2024-04-29,0,0
19,6.0,1,9.0,1,synthetic-00912,2023-07-02,2023-08-01,2024-04-29,0,0
48,9.0,2,19.0,0,synthetic-00913,2023-07-03,2023-08-02,2024-04-29,0,0
29,19.0,1,9.0,1,synthetic-00914,2023-07-04,2023-08-03,2024-04-29,0,0
23,,0,19.0,1,synthetic-00915,2023-07-05,2023-08-04,2024-04-29,0,0
27,11.0,3,9.0,1,synthetic-00916,2023-07-06,2023-08-05,2024-04-29,0,0
38,11.0,4,9.0,1,synthetic-00917,2023-07-07,2023-08-06,2024-04-29,0,0
13,,4,19.0,1,synthetic-00918,2023-07-08,2023-08-07,2024-04-29,1,1
31,9.0,2,19.0,1,synthetic-00919,2023-07-09,2023-08-08,2024-04-29,0,0
42,13.0,0,29.0,1,synthetic-00920,2023-07-10,2023-08-09,2024-04-29,0,0
28,15.0,2,9.0,1,synthetic-00921,2023-07-11,2023-08-10,2024-04-29,0,0
22,9.0,2,29.0,1,synthetic-00922,2023-07-12,2023-08-11,2024-04-29,0,0
7,13.0,1,9.0,1,synthetic-00923,2023-07-13,2023-08-12,2024-04-29,0,0
12,8.0,2,29.0,1,synthetic-00924,2023-07-14,2023-08-13,2024-04-29,0,0
46,15.0,3,29.0,1,synthetic-00925,2023-07-15,2023-08-14,2024-04-29,1,1
26,11.0,2,29.0,0,synthetic-00926,2023-07-16,2023-08-15,2024-04-29,0,0
15,,2,9.0,1,synthetic-00927,2023-07-17,2023-08-16,2024-04-29,0,0
21,17.0,1,29.0,1,synthetic-00928,2023-07-18,2023-08-17,2024-04-29,0,0
28,13.0,0,9.0,1,synthetic-00929,2023-07-19,2023-08-18,2024-04-29,0,0
26,13.0,1,29.0,0,synthetic-00930,2023-07-20,2023-08-19,2024-04-29,0,0
34,13.0,3,19.0,1,synthetic-00931,2023-07-21,2023-08-20,2024-04-29,0,0
13,8.0,1,19.0,1,synthetic-00932,2023-07-22,2023-08-21,2024-04-29,0,0
32,13.0,1,19.0,0,synthetic-00933,2023-07-23,2023-08-22,2024-04-29,0,0
22,9.0,3,9.0,0,synthetic-00934,2023-07-24,2023-08-23,2024-04-29,1,1
46,10.0,1,29.0,1,synthetic-00935,2023-07-25,2023-08-24,2024-04-29,0,0
8,11.0,1,29.0,0,synthetic-00936,2023-07-26,2023-08-25,2024-04-29,0,0
8,14.0,2,29.0,1,synthetic-00937,2023-07-27,2023-08-26,2024-04-29,1,1
23,15.0,0,29.0,0,synthetic-00938,2023-07-28,2023-08-27,2024-04-29,0,0
25,10.0,1,29.0,0,synthetic-00939,2023-07-29,2023-08-28,2024-04-29,1,1
34,13.0,0,29.0,1,synthetic-00940,2023-07-30,2023-08-29,2024-04-29,0,0
20,8.0,1,19.0,1,synthetic-00941,2023-07-31,2023-08-30,2024-04-29,0,0
44,13.0,2,29.0,1,synthetic-00942,2023-08-01,2023-08-31,2024-04-29,0,0
23,14.0,0,9.0,0,synthetic-00943,2023-08-02,2023-09-01,2024-04-29,0,0
7,8.0,3,29.0,1,synthetic-00944,2023-08-03,2023-09-02,2024-04-29,1,1
6,11.0,0,19.0,1,synthetic-00945,2023-08-04,2023-09-03,2024-04-29,1,1
47,6.0,0,19.0,0,synthetic-00946,2023-08-05,2023-09-04,2024-04-29,0,0
7,9.0,2,19.0,0,synthetic-00947,2023-08-06,2023-09-05,2024-04-29,1,1
46,19.0,1,9.0,1,synthetic-00948,2023-08-07,2023-09-06,2024-04-29,0,0
14,13.0,1,19.0,0,synthetic-00949,2023-08-08,2023-09-07,2024-04-29,0,0
5,10.0,3,19.0,1,synthetic-00950,2023-08-09,2023-09-08,2024-04-29,0,0
15,9.0,2,9.0,0,synthetic-00951,2023-08-10,2023-09-09,2024-04-29,1,1
30,14.0,0,29.0,1,synthetic-00952,2023-08-11,2023-09-10,2024-04-29,0,0
21,11.0,1,9.0,1,synthetic-00953,2023-08-12,2023-09-11,2024-04-29,0,0
38,8.0,0,29.0,1,synthetic-00954,2023-08-13,2023-09-12,2024-04-29,0,0
30,9.0,0,9.0,1,synthetic-00955,2023-08-14,2023-09-13,2024-04-29,0,0
20,8.0,0,9.0,1,synthetic-00956,2023-08-15,2023-09-14,2024-04-29,0,0
31,10.0,2,9.0,1,synthetic-00957,2023-08-16,2023-09-15,2024-04-29,0,0
47,8.0,1,9.0,0,synthetic-00958,2023-08-17,2023-09-16,2024-04-29,1,1
20,12.0,1,9.0,0,synthetic-00959,2023-08-18,2023-09-17,2024-04-29,1,1
8,11.0,3,29.0,0,synthetic-00960,2023-08-19,2023-09-18,2024-04-29,1,1
20,6.0,0,29.0,0,synthetic-00961,2023-08-20,2023-09-19,2024-04-29,0,0
41,16.0,0,19.0,0,synthetic-00962,2023-08-21,2023-09-20,2024-04-29,0,0
11,15.0,1,9.0,1,synthetic-00963,2023-08-22,2023-09-21,2024-04-29,0,0
46,9.0,3,29.0,1,synthetic-00964,2023-08-23,2023-09-22,2024-04-29,0,0
29,15.0,0,19.0,0,synthetic-00965,2023-08-24,2023-09-23,2024-04-29,0,0
29,14.0,1,19.0,0,synthetic-00966,2023-08-25,2023-09-24,2024-04-29,0,0
16,16.0,2,29.0,0,synthetic-00967,2023-08-26,2023-09-25,2024-04-29,1,1
45,10.0,1,19.0,0,synthetic-00968,2023-08-27,2023-09-26,2024-04-29,0,0
2,8.0,0,19.0,1,synthetic-00969,2023-08-28,2023-09-27,2024-04-29,1,1
15,5.0,3,29.0,0,synthetic-00970,2023-08-29,2023-09-28,2024-04-29,1,1
21,17.0,1,19.0,0,synthetic-00971,2023-08-30,2023-09-29,2024-04-29,0,0
23,7.0,0,29.0,0,synthetic-00972,2023-08-31,2023-09-30,2024-04-29,1,1
23,13.0,1,29.0,0,synthetic-00973,2023-09-01,2023-10-01,2024-04-29,0,0
8,6.0,1,29.0,1,synthetic-00974,2023-09-02,2023-10-02,2024-04-29,0,0
11,13.0,0,9.0,0,synthetic-00975,2023-09-03,2023-10-03,2024-04-29,0,0
5,16.0,4,9.0,1,synthetic-00976,2023-09-04,2023-10-04,2024-04-29,0,0
28,18.0,1,19.0,0,synthetic-00977,2023-09-05,2023-10-05,2024-04-29,0,0
17,11.0,1,19.0,1,synthetic-00978,2023-09-06,2023-10-06,2024-04-29,0,0
28,5.0,1,29.0,1,synthetic-00979,2023-09-07,2023-10-07,2024-04-29,0,0
29,7.0,3,9.0,1,synthetic-00980,2023-09-08,2023-10-08,2024-04-29,1,1
34,8.0,1,29.0,1,synthetic-00981,2023-09-09,2023-10-09,2024-04-29,0,0
27,12.0,1,29.0,1,synthetic-00982,2023-09-10,2023-10-10,2024-04-29,0,0
32,,0,29.0,0,synthetic-00983,2023-09-11,2023-10-11,2024-04-29,0,0
29,12.0,1,29.0,1,synthetic-00984,2023-09-12,2023-10-12,2024-04-29,0,0
32,17.0,1,29.0,0,synthetic-00985,2023-09-13,2023-10-13,2024-04-29,1,1
30,18.0,3,19.0,1,synthetic-00986,2023-09-14,2023-10-14,2024-04-29,0,0
16,6.0,1,19.0,1,synthetic-00987,2023-09-15,2023-10-15,2024-04-29,0,0
12,10.0,0,19.0,0,synthetic-00988,2023-09-16,2023-10-16,2024-04-29,0,0
38,15.0,0,29.0,0,synthetic-00989,2023-09-17,2023-10-17,2024-04-29,0,0
17,10.0,1,9.0,1,synthetic-00990,2023-09-18,2023-10-18,2024-04-29,0,0
27,9.0,1,19.0,0,synthetic-00991,2023-09-19,2023-10-19,2024-04-29,0,0
10,-1.0,1,19.0,0,synthetic-00992,2023-09-20,2023-10-20,2024-04-29,0,0
21,14.0,0,19.0,1,synthetic-00993,2023-09-21,2023-10-21,2024-04-29,0,0
26,13.0,2,19.0,0,synthetic-00994,2023-09-22,2023-10-22,2024-04-29,1,1
31,13.0,0,29.0,0,synthetic-00995,2023-09-23,2023-10-23,2024-04-29,0,0
26,11.0,1,9.0,0,synthetic-00996,2023-09-24,2023-10-24,2024-04-29,0,0
18,12.0,0,29.0,1,synthetic-00997,2023-09-25,2023-10-25,2024-04-29,0,0
47,8.0,0,29.0,1,synthetic-00998,2023-09-26,2023-10-26,2024-04-29,0,0
25,19.0,1,29.0,1,synthetic-00999,2023-09-27,2023-10-27,2024-04-29,0,0
39,10.0,1,29.0,0,synthetic-01000,2023-09-28,2023-10-28,2024-04-29,1,1
36,17.0,1,19.0,0,synthetic-01001,2023-09-29,2023-10-29,2024-04-29,1,1
27,17.0,2,9.0,1,synthetic-01002,2023-09-30,2023-10-30,2024-04-29,0,0
43,7.0,0,19.0,1,synthetic-01003,2023-10-01,2023-10-31,2024-04-29,0,0
7,10.0,3,9.0,1,synthetic-01004,2023-10-02,2023-11-01,2024-04-29,1,1
45,16.0,1,9.0,1,synthetic-01005,2023-10-03,2023-11-02,2024-04-29,0,0
41,9.0,0,29.0,0,synthetic-01006,2023-10-04,2023-11-03,2024-04-29,0,0
25,6.0,2,19.0,1,synthetic-01007,2023-10-05,2023-11-04,2024-04-29,1,1
36,12.0,2,19.0,1,synthetic-01008,2023-10-06,2023-11-05,2024-04-29,0,0
25,6.0,1,29.0,1,synthetic-01009,2023-10-07,2023-11-06,2024-04-29,1,1
13,5.0,2,9.0,1,synthetic-01010,2023-10-08,2023-11-07,2024-04-29,0,0
39,10.0,0,29.0,0,synthetic-01011,2023-10-09,2023-11-08,2024-04-29,0,0
12,8.0,4,19.0,0,synthetic-01012,2023-10-10,2023-11-09,2024-04-29,1,1
16,19.0,4,19.0,1,synthetic-01013,2023-10-11,2023-11-10,2024-04-29,0,0
25,20.0,0,19.0,1,synthetic-01014,2023-10-12,2023-11-11,2024-04-29,0,0
41,13.0,1,19.0,1,synthetic-01015,2023-10-13,2023-11-12,2024-04-29,0,0
19,11.0,0,19.0,1,synthetic-01016,2023-10-14,2023-11-13,2024-04-29,0,0
24,10.0,3,19.0,1,synthetic-01017,2023-10-15,2023-11-14,2024-04-29,1,1
2,13.0,3,9.0,1,synthetic-01018,2023-10-16,2023-11-15,2024-04-29,0,0
6,9.0,1,9.0,0,synthetic-01019,2023-10-17,2023-11-16,2024-04-29,0,0
3,8.0,0,19.0,1,synthetic-01020,2023-10-18,2023-11-17,2024-04-29,0,0
4,13.0,0,9.0,1,synthetic-01021,2023-10-19,2023-11-18,2024-04-29,0,0
42,6.0,5,19.0,1,synthetic-01022,2023-10-20,2023-11-19,2024-04-29,0,0
41,10.0,3,29.0,0,synthetic-01023,2023-10-21,2023-11-20,2024-04-29,0,0
40,12.0,0,9.0,1,synthetic-01024,2023-10-22,2023-11-21,2024-04-29,0,0
3,14.0,1,9.0,1,synthetic-01025,2023-10-23,2023-11-22,2024-04-29,0,0
4,11.0,1,9.0,0,synthetic-01026,2023-10-24,2023-11-23,2024-04-29,0,0
14,18.0,0,29.0,1,synthetic-01027,2023-10-25,2023-11-24,2024-04-29,0,0
28,14.0,0,29.0,0,synthetic-01028,2023-10-26,2023-11-25,2024-04-29,0,0
17,5.0,3,9.0,1,synthetic-01029,2023-10-27,2023-11-26,2024-04-29,1,1
24,12.0,0,19.0,0,synthetic-01030,2023-10-28,2023-11-27,2024-04-29,0,0
9,12.0,1,29.0,0,synthetic-01031,2023-10-29,2023-11-28,2024-04-29,0,0
36,9.0,0,29.0,1,synthetic-01032,2023-10-30,2023-11-29,2024-04-29,0,0
16,14.0,3,19.0,0,synthetic-01033,2023-10-31,2023-11-30,2024-04-29,1,1
4,6.0,1,9.0,1,synthetic-01034,2023-11-01,2023-12-01,2024-04-29,0,0
36,12.0,0,29.0,0,synthetic-01035,2023-11-02,2023-12-02,2024-04-29,0,0
44,10.0,1,29.0,0,synthetic-01036,2023-11-03,2023-12-03,2024-04-29,0,0
1,11.0,2,19.0,0,synthetic-01037,2023-11-04,2023-12-04,2024-04-29,0,0
21,18.0,0,9.0,0,synthetic-01038,2023-11-05,2023-12-05,2024-04-29,0,0
40,10.0,0,29.0,1,synthetic-01039,2023-11-06,2023-12-06,2024-04-29,0,0
34,9.0,0,9.0,1,synthetic-01040,2023-11-07,2023-12-07,2024-04-29,0,0
42,10.0,3,29.0,1,synthetic-01041,2023-11-08,2023-12-08,2024-04-29,1,1
20,7.0,1,29.0,0,synthetic-01042,2023-11-09,2023-12-09,2024-04-29,1,1
18,11.0,1,19.0,0,synthetic-01043,2023-11-10,2023-12-10,2024-04-29,0,0
35,15.0,2,19.0,1,synthetic-01044,2023-11-11,2023-12-11,2024-04-29,1,1
8,14.0,1,9.0,1,synthetic-01045,2023-11-12,2023-12-12,2024-04-29,0,0
12,11.0,1,29.0,1,synthetic-01046,2023-11-13,2023-12-13,2024-04-29,0,0
29,12.0,0,9.0,0,synthetic-01047,2023-11-14,2023-12-14,2024-04-29,0,0
33,13.0,0,9.0,0,synthetic-01048,2023-11-15,2023-12-15,2024-04-29,0,0
6,9.0,2,29.0,1,synthetic-01049,2023-11-16,2023-12-16,2024-04-29,1,1
25,12.0,1,29.0,1,synthetic-01050,2023-11-17,2023-12-17,2024-04-29,0,0
18,9.0,1,19.0,1,synthetic-01051,2023-11-18,2023-12-18,2024-04-29,1,1
25,13.0,0,19.0,1,synthetic-01052,2023-11-19,2023-12-19,2024-04-29,0,0
47,7.0,1,19.0,0,synthetic-01053,2023-11-20,2023-12-20,2024-04-29,1,1
4,16.0,0,9.0,1,synthetic-01054,2023-11-21,2023-12-21,2024-04-29,0,0
48,16.0,2,19.0,1,synthetic-01055,2023-11-22,2023-12-22,2024-04-29,0,0
22,11.0,1,29.0,1,synthetic-01056,2023-11-23,2023-12-23,2024-04-29,1,1
38,9.0,0,19.0,1,synthetic-01057,2023-11-24,2023-12-24,2024-04-29,0,0
21,17.0,0,29.0,0,synthetic-01058,2023-11-25,2023-12-25,2024-04-29,0,0
15,8.0,3,29.0,1,synthetic-01059,2023-11-26,2023-12-26,2024-04-29,1,1
37,11.0,0,29.0,1,synthetic-01060,2023-11-27,2023-12-27,2024-04-29,0,0
34,7.0,2,29.0,1,synthetic-01061,2023-11-28,2023-12-28,2024-04-29,0,0
7,22.0,1,29.0,0,synthetic-01062,2023-11-29,2023-12-29,2024-04-29,0,0
34,5.0,5,29.0,0,synthetic-01063,2023-11-30,2023-12-30,2024-04-29,0,0
37,13.0,1,29.0,1,synthetic-01064,2023-12-01,2023-12-31,2024-04-29,1,1
19,11.0,0,29.0,1,synthetic-01065,2023-12-02,2024-01-01,2024-04-29,1,1
45,11.0,1,29.0,1,synthetic-01066,2023-12-03,2024-01-02,2024-04-29,0,0
31,13.0,3,29.0,1,synthetic-01067,2023-12-04,2024-01-03,2024-04-29,0,0
17,11.0,0,29.0,1,synthetic-01068,2023-12-05,2024-01-04,2024-04-29,0,0
1,9.0,1,19.0,0,synthetic-01069,2023-12-06,2024-01-05,2024-04-29,1,1
33,12.0,0,29.0,0,synthetic-01070,2023-12-07,2024-01-06,2024-04-29,1,1
11,16.0,1,29.0,1,synthetic-01071,2023-12-08,2024-01-07,2024-04-29,0,0
37,13.0,1,19.0,1,synthetic-01072,2023-12-09,2024-01-08,2024-04-29,0,0
26,7.0,1,9.0,1,synthetic-01073,2023-12-10,2024-01-09,2024-04-29,0,0
23,6.0,0,29.0,1,synthetic-01074,2023-12-11,2024-01-10,2024-04-29,0,0
8,17.0,1,19.0,1,synthetic-01075,2023-12-12,2024-01-11,2024-04-29,0,0
35,12.0,1,19.0,1,synthetic-01076,2023-12-13,2024-01-12,2024-04-29,0,0
8,,1,29.0,0,synthetic-01077,2023-12-14,2024-01-13,2024-04-29,1,1
21,9.0,1,9.0,1,synthetic-01078,2023-12-15,2024-01-14,2024-04-29,0,0
41,9.0,1,19.0,0,synthetic-01079,2023-12-16,2024-01-15,2024-04-29,0,0
45,16.0,0,9.0,1,synthetic-01080,2023-12-17,2024-01-16,2024-04-29,0,0
48,13.0,1,9.0,1,synthetic-01081,2023-12-18,2024-01-17,2024-04-29,1,1
46,9.0,0,29.0,1,synthetic-01082,2023-12-19,2024-01-18,2024-04-29,0,0
27,13.0,0,19.0,0,synthetic-01083,2023-12-20,2024-01-19,2024-04-29,0,0
10,11.0,2,9.0,1,synthetic-01084,2023-12-21,2024-01-20,2024-04-29,1,1
41,12.0,1,19.0,1,synthetic-01085,2023-12-22,2024-01-21,2024-04-29,0,0
39,11.0,4,9.0,0,synthetic-01086,2023-12-23,2024-01-22,2024-04-29,1,1
48,12.0,1,29.0,0,synthetic-01087,2023-12-24,2024-01-23,2024-04-29,0,0
32,12.0,0,9.0,0,synthetic-01088,2023-12-25,2024-01-24,2024-04-29,0,0
7,18.0,1,19.0,1,synthetic-01089,2023-12-26,2024-01-25,2024-04-29,0,0
25,11.0,0,19.0,1,synthetic-01090,2023-12-27,2024-01-26,2024-04-29,0,0
22,15.0,3,9.0,0,synthetic-01091,2023-12-28,2024-01-27,2024-04-29,1,1
41,13.0,3,29.0,1,synthetic-01092,2023-12-29,2024-01-28,2024-04-29,0,0
19,13.0,1,19.0,1,synthetic-01093,2023-12-30,2024-01-29,2024-04-29,0,0
16,8.0,3,19.0,1,synthetic-01094,2023-12-31,2024-01-30,2024-04-29,1,1
4,12.0,1,19.0,1,synthetic-01095,2024-01-01,2024-01-31,2024-04-29,0,0
41,15.0,2,29.0,0,synthetic-01096,2024-01-02,2024-02-01,2024-04-29,0,0
37,7.0,1,9.0,0,synthetic-01097,2024-01-03,2024-02-02,2024-04-29,0,0
2,13.0,0,29.0,1,synthetic-01098,2024-01-04,2024-02-03,2024-04-29,0,0
21,10.0,3,19.0,0,synthetic-01099,2024-01-05,2024-02-04,2024-04-29,0,0
24,10.0,2,9.0,1,synthetic-01100,2024-01-06,2024-02-05,2024-04-29,1,1
23,14.0,3,19.0,1,synthetic-01101,2024-01-07,2024-02-06,2024-04-29,0,0
45,11.0,0,29.0,1,synthetic-01102,2024-01-08,2024-02-07,2024-04-29,0,0
8,13.0,1,9.0,0,synthetic-01103,2024-01-09,2024-02-08,2024-04-29,0,0
15,19.0,2,19.0,1,synthetic-01104,2024-01-10,2024-02-09,2024-04-29,0,0
9,12.0,2,19.0,1,synthetic-01105,2024-01-11,2024-02-10,2024-04-29,0,0
12,12.0,2,29.0,0,synthetic-01106,2024-01-12,2024-02-11,2024-04-29,0,0
44,11.0,0,19.0,1,synthetic-01107,2024-01-13,2024-02-12,2024-04-29,0,0
46,6.0,1,29.0,0,synthetic-01108,2024-01-14,2024-02-13,2024-04-29,0,0
3,11.0,1,29.0,1,synthetic-01109,2024-01-15,2024-02-14,2024-04-29,0,0
31,6.0,1,29.0,1,synthetic-01110,2024-01-16,2024-02-15,2024-04-29,0,0
12,-1.0,2,19.0,0,synthetic-01111,2024-01-17,2024-02-16,2024-04-29,0,0
10,4.0,0,29.0,1,synthetic-01112,2024-01-18,2024-02-17,2024-04-29,0,0
15,11.0,0,9.0,1,synthetic-01113,2024-01-19,2024-02-18,2024-04-29,0,0
10,,2,29.0,1,synthetic-01114,2024-01-20,2024-02-19,2024-04-29,0,0
24,8.0,1,29.0,0,synthetic-01115,2024-01-21,2024-02-20,2024-04-29,0,0
48,7.0,0,9.0,0,synthetic-01116,2024-01-22,2024-02-21,2024-04-29,0,0
29,16.0,1,19.0,0,synthetic-01117,2024-01-23,2024-02-22,2024-04-29,0,0
35,16.0,1,29.0,1,synthetic-01118,2024-01-24,2024-02-23,2024-04-29,0,0
24,9.0,1,9.0,1,synthetic-01119,2024-01-25,2024-02-24,2024-04-29,1,1
1,15.0,1,29.0,1,synthetic-01120,2024-01-26,2024-02-25,2024-04-29,0,0
5,10.0,3,29.0,1,synthetic-01121,2024-01-27,2024-02-26,2024-04-29,1,1
13,9.0,1,29.0,0,synthetic-01122,2024-01-28,2024-02-27,2024-04-29,1,1
12,12.0,2,9.0,1,synthetic-01123,2024-01-29,2024-02-28,2024-04-29,0,0
41,13.0,2,29.0,1,synthetic-01124,2024-01-30,2024-02-29,2024-04-29,0,0
41,16.0,0,29.0,1,synthetic-01125,2024-01-31,2024-03-01,2024-04-29,0,0
41,15.0,1,9.0,1,synthetic-01126,2024-02-01,2024-03-02,2024-04-29,0,0
31,15.0,0,29.0,1,synthetic-01127,2024-02-02,2024-03-03,2024-04-29,0,0
27,14.0,3,19.0,1,synthetic-01128,2024-02-03,2024-03-04,2024-04-29,0,0
32,9.0,1,29.0,1,synthetic-01129,2024-02-04,2024-03-05,2024-04-29,0,0
20,9.0,1,9.0,1,synthetic-01130,2024-02-05,2024-03-06,2024-04-29,0,0
33,,3,29.0,1,synthetic-01131,2024-02-06,2024-03-07,2024-04-29,1,1
39,14.0,1,19.0,0,synthetic-01132,2024-02-07,2024-03-08,2024-04-29,0,0
37,10.0,1,9.0,1,synthetic-01133,2024-02-08,2024-03-09,2024-04-29,0,0
30,10.0,0,19.0,1,synthetic-01134,2024-02-09,2024-03-10,2024-04-29,0,0
3,14.0,2,29.0,1,synthetic-01135,2024-02-10,2024-03-11,2024-04-29,0,0
35,14.0,0,29.0,1,synthetic-01136,2024-02-11,2024-03-12,2024-04-29,0,0
18,15.0,1,9.0,0,synthetic-01137,2024-02-12,2024-03-13,2024-04-29,0,0
36,19.0,0,29.0,1,synthetic-01138,2024-02-13,2024-03-14,2024-04-29,0,0
26,9.0,1,19.0,0,synthetic-01139,2024-02-14,2024-03-15,2024-04-29,0,0
43,11.0,1,9.0,0,synthetic-01140,2024-02-15,2024-03-16,2024-04-29,1,1
17,18.0,0,19.0,1,synthetic-01141,2024-02-16,2024-03-17,2024-04-29,0,0
45,7.0,1,29.0,1,synthetic-01142,2024-02-17,2024-03-18,2024-04-29,0,0
41,8.0,2,9.0,1,synthetic-01143,2024-02-18,2024-03-19,2024-04-29,0,0
16,13.0,1,9.0,1,synthetic-01144,2024-02-19,2024-03-20,2024-04-29,0,0
24,12.0,1,9.0,1,synthetic-01145,2024-02-20,2024-03-21,2024-04-29,0,0
26,10.0,2,19.0,1,synthetic-01146,2024-02-21,2024-03-22,2024-04-29,0,0
37,12.0,3,9.0,1,synthetic-01147,2024-02-22,2024-03-23,2024-04-29,0,0
34,11.0,3,29.0,1,synthetic-01148,2024-02-23,2024-03-24,2024-04-29,1,1
41,13.0,3,9.0,0,synthetic-01149,2024-02-24,2024-03-25,2024-04-29,0,0
18,13.0,1,9.0,0,synthetic-01150,2024-02-25,2024-03-26,2024-04-29,0,0
25,12.0,1,9.0,0,synthetic-01151,2024-02-26,2024-03-27,2024-04-29,1,1
21,12.0,0,29.0,1,synthetic-01152,2024-02-27,2024-03-28,2024-04-29,0,0
44,15.0,1,29.0,1,synthetic-01153,2024-02-28,2024-03-29,2024-04-29,0,0
15,14.0,2,9.0,0,synthetic-01154,2024-02-29,2024-03-30,2024-04-29,1,1
29,9.0,1,19.0,0,synthetic-01155,2024-03-01,2024-03-31,2024-04-29,0,0
6,15.0,2,29.0,1,synthetic-01156,2024-03-02,2024-04-01,2024-04-29,0,0
41,9.0,2,29.0,1,synthetic-01157,2024-03-03,2024-04-02,2024-04-29,1,1
19,9.0,2,9.0,1,synthetic-01158,2024-03-04,2024-04-03,2024-04-29,0,0
17,9.0,0,29.0,0,synthetic-01159,2024-03-05,2024-04-04,2024-04-29,0,0
28,9.0,2,29.0,1,synthetic-01160,2024-03-06,2024-04-05,2024-04-29,1,1
24,7.0,1,29.0,1,synthetic-01161,2024-03-07,2024-04-06,2024-04-29,0,0
41,-1.0,2,19.0,1,synthetic-01162,2024-03-08,2024-04-07,2024-04-29,0,0
26,16.0,0,19.0,1,synthetic-01163,2024-03-09,2024-04-08,2024-04-29,0,0
25,8.0,2,29.0,1,synthetic-01164,2024-03-10,2024-04-09,2024-04-29,0,0
6,8.0,2,29.0,0,synthetic-01165,2024-03-11,2024-04-10,2024-04-29,1,1
2,10.0,1,19.0,1,synthetic-01166,2024-03-12,2024-04-11,2024-04-29,0,0
20,10.0,0,29.0,1,synthetic-01167,2024-03-13,2024-04-12,2024-04-29,1,1
48,9.0,4,19.0,1,synthetic-01168,2024-03-14,2024-04-13,2024-04-29,0,0
45,9.0,1,29.0,0,synthetic-01169,2024-03-15,2024-04-14,2024-04-29,0,0
31,9.0,3,9.0,1,synthetic-01170,2024-03-16,2024-04-15,2024-04-29,1,1
31,14.0,3,29.0,1,synthetic-01171,2024-03-17,2024-04-16,2024-04-29,1,1
19,10.0,1,19.0,1,synthetic-01172,2024-03-18,2024-04-17,2024-04-29,0,0
9,7.0,2,19.0,0,synthetic-01173,2024-03-19,2024-04-18,2024-04-29,1,1
1,12.0,1,9.0,0,synthetic-01174,2024-03-20,2024-04-19,2024-04-29,0,0
17,6.0,2,19.0,0,synthetic-01175,2024-03-21,2024-04-20,2024-04-29,0,0
16,14.0,2,9.0,1,synthetic-01176,2024-03-22,2024-04-21,2024-04-29,0,0
10,9.0,0,29.0,0,synthetic-01177,2024-03-23,2024-04-22,2024-04-29,0,0
13,16.0,3,29.0,0,synthetic-01178,2024-03-24,2024-04-23,2024-04-29,1,1
2,12.0,2,19.0,1,synthetic-01179,2024-03-25,2024-04-24,2024-04-29,1,1
30,4.0,0,29.0,1,synthetic-01180,2024-03-26,2024-04-25,2024-04-29,0,0
45,9.0,1,29.0,1,synthetic-01181,2024-03-27,2024-04-26,2024-04-29,1,1
34,10.0,1,9.0,1,synthetic-01182,2024-03-28,2024-04-27,2024-04-29,0,0
22,15.0,4,9.0,1,synthetic-01183,2024-03-29,2024-04-28,2024-04-29,0,0
21,13.0,1,9.0,1,synthetic-01184,2024-03-30,2024-04-29,2024-04-29,0,0
15,17.0,0,9.0,0,synthetic-01185,2024-03-31,2024-04-30,2024-04-29,0,0
7,12.0,1,19.0,1,synthetic-01186,2024-04-01,2024-05-01,2024-04-29,0,0
29,15.0,0,19.0,1,synthetic-01187,2024-04-02,2024-05-02,2024-04-29,0,0
28,-1.0,1,19.0,1,synthetic-01188,2024-04-03,2024-05-03,2024-04-29,0,0
1,13.0,0,9.0,1,synthetic-01189,2024-04-04,2024-05-04,2024-04-29,0,0
20,17.0,3,29.0,1,synthetic-01190,2024-04-05,2024-05-05,2024-04-29,0,0
14,12.0,2,29.0,1,synthetic-01191,2024-04-06,2024-05-06,2024-04-29,0,0
9,8.0,0,19.0,1,synthetic-01192,2024-04-07,2024-05-07,2024-04-29,0,0
34,14.0,0,9.0,0,synthetic-01193,2024-04-08,2024-05-08,2024-04-29,0,0
26,8.0,1,19.0,1,synthetic-01194,2024-04-09,2024-05-09,2024-04-29,0,0
31,,2,29.0,0,synthetic-01195,2024-04-10,2024-05-10,2024-04-29,0,0
35,6.0,1,29.0,0,synthetic-01196,2024-04-11,2024-05-11,2024-04-29,0,0
48,9.0,0,9.0,1,synthetic-01197,2024-04-12,2024-05-12,2024-04-29,1,1
39,,3,29.0,1,synthetic-01198,2024-04-13,2024-05-13,2024-04-29,0,0
30,10.0,0,29.0,1,synthetic-01199,2024-04-14,2024-05-14,2024-04-29,0,0
